0,1,2,3,4,5,6
广东省,2010,潮州,,3,广东省潮州,"[116.6205482, 23.6566146]"
广东省,2010,潮州市,市辖区,1,广东省潮州市市辖区,"[116.6205482, 23.6566146]"
广东省,2010,潮州市,潮安县,2,广东省潮州市潮安县,"[116.6205482, 23.6566146]"
广东省,2010,潮州市,饶平县,5,广东省潮州市饶平县,"[116.928126, 23.7144941]"
广东省,2011,潮州市,市辖区,1,广东省潮州市市辖区,"[116.928126, 23.7144941]"
广东省,2011,潮州市,湘桥区,1,广东省潮州市湘桥区,"[116.928126, 23.7144941]"
广东省,2011,潮州市,潮安县,2,广东省潮州市潮安县,"[116.928126, 23.7144941]"
广东省,2011,潮州市,饶平县,2,广东省潮州市饶平县,"[116.928126, 23.7144941]"
广东省,2012,潮州市,市辖区,4,广东省潮州市市辖区,"[116.928126, 23.7144941]"
广东省,2012,潮州市,湘桥区,1,广东省潮州市湘桥区,"[116.928126, 23.7144941]"
广东省,2012,潮州市,潮安县,4,广东省潮州市潮安县,"[116.928126, 23.7144941]"
广东省,2012,潮州市,饶平县,168,广东省潮州市饶平县,"[116.928126, 23.7144941]"
广东省,2013,潮州市,市辖区,53,广东省潮州市市辖区,"[116.928126, 23.7144941]"
广东省,2013,潮州市,枫溪区,9,广东省潮州市枫溪区,"[116.928126, 23.7144941]"
广东省,2013,潮州市,湘桥区,62,广东省潮州市湘桥区,"[116.928126, 23.7144941]"
广东省,2013,潮州市,潮安县,191,广东省潮州市潮安县,"[116.928126, 23.7144941]"
广东省,2013,潮州市,饶平县,3716,广东省潮州市饶平县,"[116.928126, 23.7144941]"
广东省,2014,潮州市,市辖区,274,广东省潮州市市辖区,"[116.928126, 23.7144941]"
广东省,2014,潮州市,枫溪区,27,广东省潮州市枫溪区,"[116.928126, 23.7144941]"
广东省,2014,潮州市,湘桥区,373,广东省潮州市湘桥区,"[116.928126, 23.7144941]"
广东省,2014,潮州市,潮安县,959,广东省潮州市潮安县,"[116.928126, 23.7144941]"
广东省,2014,潮州市,饶平县,4534,广东省潮州市饶平县,"[116.928126, 23.7144941]"
广东省,2015,潮州市,市辖区,382,广东省潮州市市辖区,"[116.928126, 23.7144941]"
广东省,2015,潮州市,枫溪区,41,广东省潮州市枫溪区,"[116.928126, 23.7144941]"
广东省,2015,潮州市,湘桥区,357,广东省潮州市湘桥区,"[116.928126, 23.7144941]"
广东省,2015,潮州市,潮安县,551,广东省潮州市潮安县,"[116.928126, 23.7144941]"
广东省,2015,潮州市,饶平县,3577,广东省潮州市饶平县,"[116.928126, 23.7144941]"
广东省,2016,潮州市,市辖区,317,广东省潮州市市辖区,"[116.928126, 23.7144941]"
广东省,2016,潮州市,枫溪区,25,广东省潮州市枫溪区,"[116.928126, 23.7144941]"
广东省,2016,潮州市,湘桥区,385,广东省潮州市湘桥区,"[116.928126, 23.7144941]"
广东省,2016,潮州市,潮安县,315,广东省潮州市潮安县,"[116.928126, 23.7144941]"
广东省,2016,潮州市,饶平县,3432,广东省潮州市饶平县,"[116.928126, 23.7144941]"
广东省,2010,海珠,,15,广东省海珠,"[116.928126, 23.7144941]"
广东省,2010,河源,,8,广东省河源,"[114.692015, 23.7379776]"
广东省,2010,河源市,东源县,3,广东省河源市东源县,"[114.692015, 23.7379776]"
广东省,2010,河源市,和平县,5,广东省河源市和平县,"[114.9646351, 24.459841]"
广东省,2010,河源市,市辖区,2,广东省河源市市辖区,"[114.4075384, 23.8553256]"
广东省,2010,河源市,源城区,1,广东省河源市源城区,"[114.4075384, 23.8553256]"
广东省,2010,河源市,紫金县,3,广东省河源市紫金县,"[114.4075384, 23.8553256]"
广东省,2010,河源市,连平县,3,广东省河源市连平县,"[114.4075384, 23.8553256]"
广东省,2010,河源市,龙川县,8,广东省河源市龙川县,"[115.2325333, 24.1147587]"
广东省,2011,河源市,东源县,1,广东省河源市东源县,"[115.2325333, 24.1147587]"
广东省,2011,河源市,和平县,2,广东省河源市和平县,"[114.9646351, 24.459841]"
广东省,2011,河源市,市辖区,4,广东省河源市市辖区,"[114.4075384, 23.8553256]"
广东省,2011,河源市,源城区,2,广东省河源市源城区,"[114.4075384, 23.8553256]"
广东省,2011,河源市,紫金县,2,广东省河源市紫金县,"[114.4075384, 23.8553256]"
广东省,2011,河源市,连平县,4,广东省河源市连平县,"[114.4075384, 23.8553256]"
广东省,2011,河源市,龙川县,5,广东省河源市龙川县,"[115.2325333, 24.1147587]"
广东省,2012,河源市,东源县,10,广东省河源市东源县,"[115.2325333, 24.1147587]"
广东省,2012,河源市,和平县,1,广东省河源市和平县,"[114.9646351, 24.459841]"
广东省,2012,河源市,市辖区,7,广东省河源市市辖区,"[114.4075384, 23.8553256]"
广东省,2012,河源市,源城区,7,广东省河源市源城区,"[114.4075384, 23.8553256]"
广东省,2012,河源市,紫金县,150,广东省河源市紫金县,"[114.4075384, 23.8553256]"
广东省,2012,河源市,连平县,4,广东省河源市连平县,"[114.4075384, 23.8553256]"
广东省,2012,河源市,龙川县,11,广东省河源市龙川县,"[115.2325333, 24.1147587]"
广东省,2013,河源市,东源县,368,广东省河源市东源县,"[115.2325333, 24.1147587]"
广东省,2013,河源市,和平县,74,广东省河源市和平县,"[114.9646351, 24.459841]"
广东省,2013,河源市,市辖区,64,广东省河源市市辖区,"[114.4075384, 23.8553256]"
广东省,2013,河源市,源城区,91,广东省河源市源城区,"[114.4075384, 23.8553256]"
广东省,2013,河源市,紫金县,1040,广东省河源市紫金县,"[114.4075384, 23.8553256]"
广东省,2013,河源市,连平县,185,广东省河源市连平县,"[114.4075384, 23.8553256]"
广东省,2013,河源市,龙川县,338,广东省河源市龙川县,"[115.2325333, 24.1147587]"
广东省,2014,河源市,东源县,495,广东省河源市东源县,"[115.2325333, 24.1147587]"
广东省,2014,河源市,和平县,153,广东省河源市和平县,"[114.9646351, 24.459841]"
广东省,2014,河源市,市辖区,102,广东省河源市市辖区,"[114.4075384, 23.8553256]"
广东省,2014,河源市,源城区,193,广东省河源市源城区,"[114.4075384, 23.8553256]"
广东省,2014,河源市,紫金县,417,广东省河源市紫金县,"[114.4075384, 23.8553256]"
广东省,2014,河源市,连平县,359,广东省河源市连平县,"[114.4075384, 23.8553256]"
广东省,2014,河源市,龙川县,1087,广东省河源市龙川县,"[115.2325333, 24.1147587]"
广东省,2015,河源市,,1,广东省河源市,"[114.692015, 23.7379776]"
广东省,2015,河源市,东源县,322,广东省河源市东源县,"[114.692015, 23.7379776]"
广东省,2015,河源市,和平县,106,广东省河源市和平县,"[114.9646351, 24.459841]"
广东省,2015,河源市,市辖区,115,广东省河源市市辖区,"[114.4075384, 23.8553256]"
广东省,2015,河源市,源城区,163,广东省河源市源城区,"[114.4075384, 23.8553256]"
广东省,2015,河源市,紫金县,328,广东省河源市紫金县,"[114.4075384, 23.8553256]"
广东省,2015,河源市,连平县,273,广东省河源市连平县,"[114.4075384, 23.8553256]"
广东省,2015,河源市,龙川县,877,广东省河源市龙川县,"[115.2325333, 24.1147587]"
广东省,2016,河源市,,1,广东省河源市,"[114.692015, 23.7379776]"
广东省,2016,河源市,东源县,324,广东省河源市东源县,"[114.692015, 23.7379776]"
广东省,2016,河源市,和平县,79,广东省河源市和平县,"[114.9646351, 24.459841]"
广东省,2016,河源市,市辖区,145,广东省河源市市辖区,"[114.4075384, 23.8553256]"
广东省,2016,河源市,源城区,236,广东省河源市源城区,"[114.4075384, 23.8553256]"
广东省,2016,河源市,紫金县,172,广东省河源市紫金县,"[114.4075384, 23.8553256]"
广东省,2016,河源市,连平县,189,广东省河源市连平县,"[114.4075384, 23.8553256]"
广东省,2016,河源市,龙川县,518,广东省河源市龙川县,"[115.2325333, 24.1147587]"
广东省,2010,澄海,,1,广东省澄海,"[115.2325333, 24.1147587]"
广东省,2010,佛山,,10,广东省佛山,"[113.1146174, 23.0249168]"
广东省,2010,佛山佛冈,,1,广东省佛山佛冈,"[113.1146174, 23.0249168]"
广东省,2010,佛山妇幼,,1,广东省佛山妇幼,"[113.1146174, 23.0249168]"
广东省,2010,佛山市,,2,广东省佛山市,"[113.1146174, 23.0249168]"
广东省,2010,佛山市,三水区,22,广东省佛山市三水区,"[113.1146174, 23.0249168]"
广东省,2010,佛山市,南海区,3253,广东省佛山市南海区,"[113.1146174, 23.0249168]"
广东省,2010,佛山市,市辖区,4,广东省佛山市市辖区,"[113.1146174, 23.0249168]"
广东省,2010,佛山市,禅城区,57,广东省佛山市禅城区,"[113.1146174, 23.0249168]"
广东省,2010,佛山市,顺德区,20,广东省佛山市顺德区,"[113.2892985, 22.8084159]"
广东省,2010,佛山市,高明区,4,广东省佛山市高明区,"[113.2892985, 22.8084159]"
广东省,2010,佛山市妇幼保健院,,1,广东省佛山市妇幼保健院,"[113.2892985, 22.8084159]"
广东省,2010,佛山市第一人民医院,,1,广东省佛山市第一人民医院,"[113.2892985, 22.8084159]"
广东省,2011,佛山市,三水区,20,广东省佛山市三水区,"[113.2892985, 22.8084159]"
广东省,2011,佛山市,南海区,5990,广东省佛山市南海区,"[113.2892985, 22.8084159]"
广东省,2011,佛山市,台山市,1,广东省佛山市台山市,"[113.2892985, 22.8084159]"
广东省,2011,佛山市,市辖区,34,广东省佛山市市辖区,"[113.2892985, 22.8084159]"
广东省,2011,佛山市,禅城区,132,广东省佛山市禅城区,"[113.2892985, 22.8084159]"
广东省,2011,佛山市,顺德区,27,广东省佛山市顺德区,"[113.2892985, 22.8084159]"
广东省,2011,佛山市,高明区,6,广东省佛山市高明区,"[113.2892985, 22.8084159]"
广东省,2012,佛山市,三水区,61,广东省佛山市三水区,"[113.2892985, 22.8084159]"
广东省,2012,佛山市,南海区,8422,广东省佛山市南海区,"[113.2892985, 22.8084159]"
广东省,2012,佛山市,台山市,2,广东省佛山市台山市,"[113.2892985, 22.8084159]"
广东省,2012,佛山市,市辖区,191,广东省佛山市市辖区,"[113.2892985, 22.8084159]"
广东省,2012,佛山市,禅城区,467,广东省佛山市禅城区,"[113.2892985, 22.8084159]"
广东省,2012,佛山市,顺德区,76,广东省佛山市顺德区,"[113.2892985, 22.8084159]"
广东省,2012,佛山市,高明区,61,广东省佛山市高明区,"[113.2892985, 22.8084159]"
广东省,2013,佛山市,,1,广东省佛山市,"[113.1146174, 23.0249168]"
广东省,2013,佛山市,三水区,1063,广东省佛山市三水区,"[113.1146174, 23.0249168]"
广东省,2013,佛山市,南海区,7337,广东省佛山市南海区,"[113.1146174, 23.0249168]"
广东省,2013,佛山市,市辖区,986,广东省佛山市市辖区,"[113.1146174, 23.0249168]"
广东省,2013,佛山市,禅城区,1671,广东省佛山市禅城区,"[113.1146174, 23.0249168]"
广东省,2013,佛山市,顺德区,1534,广东省佛山市顺德区,"[113.2892985, 22.8084159]"
广东省,2013,佛山市,高明区,436,广东省佛山市高明区,"[113.2892985, 22.8084159]"
广东省,2014,佛山市,,1,广东省佛山市,"[113.1146174, 23.0249168]"
广东省,2014,佛山市,三水区,1674,广东省佛山市三水区,"[113.1146174, 23.0249168]"
广东省,2014,佛山市,南海区,5452,广东省佛山市南海区,"[113.1146174, 23.0249168]"
广东省,2014,佛山市,市辖区,1430,广东省佛山市市辖区,"[113.1146174, 23.0249168]"
广东省,2014,佛山市,禅城区,2665,广东省佛山市禅城区,"[113.1146174, 23.0249168]"
广东省,2014,佛山市,顺德区,3861,广东省佛山市顺德区,"[113.2892985, 22.8084159]"
广东省,2014,佛山市,高明区,1106,广东省佛山市高明区,"[113.2892985, 22.8084159]"
广东省,2015,佛山市,三水区,1686,广东省佛山市三水区,"[113.2892985, 22.8084159]"
广东省,2015,佛山市,南海区,4456,广东省佛山市南海区,"[113.2892985, 22.8084159]"
广东省,2015,佛山市,市辖区,1193,广东省佛山市市辖区,"[113.2892985, 22.8084159]"
广东省,2015,佛山市,禅城区,3004,广东省佛山市禅城区,"[113.2892985, 22.8084159]"
广东省,2015,佛山市,顺德区,3968,广东省佛山市顺德区,"[113.2892985, 22.8084159]"
广东省,2015,佛山市,高明区,862,广东省佛山市高明区,"[113.2892985, 22.8084159]"
广东省,2016,佛山市,,4,广东省佛山市,"[113.1146174, 23.0249168]"
广东省,2016,佛山市,三水区,1685,广东省佛山市三水区,"[113.1146174, 23.0249168]"
广东省,2016,佛山市,南海区,4053,广东省佛山市南海区,"[113.1146174, 23.0249168]"
广东省,2016,佛山市,市辖区,1057,广东省佛山市市辖区,"[113.1146174, 23.0249168]"
广东省,2016,佛山市,禅城区,3194,广东省佛山市禅城区,"[113.1146174, 23.0249168]"
广东省,2016,佛山市,顺德区,3767,广东省佛山市顺德区,"[113.2892985, 22.8084159]"
广东省,2016,佛山市,高明区,940,广东省佛山市高明区,"[113.2892985, 22.8084159]"
广东省,2010,始兴,,1,广东省始兴,"[114.0706418, 24.9689603]"
广东省,2010,潮南,,1,广东省潮南,"[116.406181165, 23.17284995]"
广东省,2010,廉江,,1,广东省廉江,"[110.0384997, 21.7285518]"
广东省,2010,茂名,,9,广东省茂名,"[110.9196315, 21.6656562]"
广东省,2010,茂名市,,1,广东省茂名市,"[110.9196315, 21.6656562]"
广东省,2010,茂名市,信宜市,9,广东省茂名市信宜市,"[111.042843, 22.489824]"
广东省,2010,茂名市,化州市,8,广东省茂名市化州市,"[110.500686095, 21.8410427]"
广东省,2010,茂名市,市辖区,1,广东省茂名市市辖区,"[110.500686095, 21.8410427]"
广东省,2010,茂名市,电白县,3,广东省茂名市电白县,"[110.500686095, 21.8410427]"
广东省,2010,茂名市,茂南区,1,广东省茂名市茂南区,"[110.500686095, 21.8410427]"
广东省,2010,茂名市,高州市,3,广东省茂名市高州市,"[110.975618141, 22.0073425]"
广东省,2011,茂名市,信宜市,3,广东省茂名市信宜市,"[111.042843, 22.489824]"
广东省,2011,茂名市,化州市,3,广东省茂名市化州市,"[110.500686095, 21.8410427]"
广东省,2011,茂名市,南雄市,1,广东省茂名市南雄市,"[110.500686095, 21.8410427]"
广东省,2011,茂名市,市辖区,5,广东省茂名市市辖区,"[110.500686095, 21.8410427]"
广东省,2011,茂名市,电白县,3,广东省茂名市电白县,"[110.500686095, 21.8410427]"
广东省,2011,茂名市,茂南区,5,广东省茂名市茂南区,"[110.500686095, 21.8410427]"
广东省,2011,茂名市,高州市,11,广东省茂名市高州市,"[110.975618141, 22.0073425]"
广东省,2012,茂名市,信宜市,1252,广东省茂名市信宜市,"[111.042843, 22.489824]"
广东省,2012,茂名市,化州市,729,广东省茂名市化州市,"[110.500686095, 21.8410427]"
广东省,2012,茂名市,市辖区,36,广东省茂名市市辖区,"[110.500686095, 21.8410427]"
广东省,2012,茂名市,电白县,29,广东省茂名市电白县,"[110.500686095, 21.8410427]"
广东省,2012,茂名市,茂南区,38,广东省茂名市茂南区,"[110.500686095, 21.8410427]"
广东省,2012,茂名市,茂港区,77,广东省茂名市茂港区,"[110.500686095, 21.8410427]"
广东省,2012,茂名市,高州市,4254,广东省茂名市高州市,"[110.975618141, 22.0073425]"
广东省,2013,茂名市,信宜市,4747,广东省茂名市信宜市,"[111.042843, 22.489824]"
广东省,2013,茂名市,化州市,6708,广东省茂名市化州市,"[110.500686095, 21.8410427]"
广东省,2013,茂名市,市辖区,403,广东省茂名市市辖区,"[110.500686095, 21.8410427]"
广东省,2013,茂名市,电白县,2389,广东省茂名市电白县,"[110.500686095, 21.8410427]"
广东省,2013,茂名市,茂南区,1210,广东省茂名市茂南区,"[110.500686095, 21.8410427]"
广东省,2013,茂名市,茂港区,845,广东省茂名市茂港区,"[110.500686095, 21.8410427]"
广东省,2013,茂名市,高州市,9644,广东省茂名市高州市,"[110.975618141, 22.0073425]"
广东省,2014,茂名市,信宜市,4030,广东省茂名市信宜市,"[111.042843, 22.489824]"
广东省,2014,茂名市,化州市,6912,广东省茂名市化州市,"[110.500686095, 21.8410427]"
广东省,2014,茂名市,市辖区,458,广东省茂名市市辖区,"[110.500686095, 21.8410427]"
广东省,2014,茂名市,电白县,2728,广东省茂名市电白县,"[110.500686095, 21.8410427]"
广东省,2014,茂名市,茂南区,1711,广东省茂名市茂南区,"[110.500686095, 21.8410427]"
广东省,2014,茂名市,茂港区,384,广东省茂名市茂港区,"[110.500686095, 21.8410427]"
广东省,2014,茂名市,高州市,9618,广东省茂名市高州市,"[110.975618141, 22.0073425]"
广东省,2015,茂名市,,3,广东省茂名市,"[110.9196315, 21.6656562]"
广东省,2015,茂名市,信宜市,4645,广东省茂名市信宜市,"[111.042843, 22.489824]"
广东省,2015,茂名市,化州市,6306,广东省茂名市化州市,"[110.500686095, 21.8410427]"
广东省,2015,茂名市,市辖区,775,广东省茂名市市辖区,"[110.500686095, 21.8410427]"
广东省,2015,茂名市,电白区,975,广东省茂名市电白区,"[110.500686095, 21.8410427]"
广东省,2015,茂名市,电白县,890,广东省茂名市电白县,"[110.500686095, 21.8410427]"
广东省,2015,茂名市,茂南区,1575,广东省茂名市茂南区,"[110.500686095, 21.8410427]"
广东省,2015,茂名市,茂港区,314,广东省茂名市茂港区,"[110.500686095, 21.8410427]"
广东省,2015,茂名市,高州市,10118,广东省茂名市高州市,"[110.975618141, 22.0073425]"
广东省,2016,茂名市,,3,广东省茂名市,"[110.9196315, 21.6656562]"
广东省,2016,茂名市,信宜市,5749,广东省茂名市信宜市,"[111.042843, 22.489824]"
广东省,2016,茂名市,化州市,5999,广东省茂名市化州市,"[110.500686095, 21.8410427]"
广东省,2016,茂名市,市辖区,1433,广东省茂名市市辖区,"[110.500686095, 21.8410427]"
广东省,2016,茂名市,电白区,3227,广东省茂名市电白区,"[110.500686095, 21.8410427]"
广东省,2016,茂名市,茂南区,3109,广东省茂名市茂南区,"[110.500686095, 21.8410427]"
广东省,2016,茂名市,茂港区,20,广东省茂名市茂港区,"[110.500686095, 21.8410427]"
广东省,2016,茂名市,高州市,12634,广东省茂名市高州市,"[110.975618141, 22.0073425]"
广东省,2010,阳江,,3,广东省阳江,"[111.724952777, 22.09432115]"
广东省,2010,阳江市,,1,广东省阳江市,"[111.724952777, 22.09432115]"
广东省,2010,阳江市,市辖区,2,广东省阳江市市辖区,"[111.724952777, 22.09432115]"
广东省,2010,阳江市,江城区,4,广东省阳江市江城区,"[111.724952777, 22.09432115]"
广东省,2010,阳江市,阳东县,2,广东省阳江市阳东县,"[112.0561249, 22.0203937]"
广东省,2010,阳江市,阳春市,7,广东省阳江市阳春市,"[111.709110989, 22.2659692]"
广东省,2010,阳江市,阳西县,4,广东省阳江市阳西县,"[111.581089, 21.74524]"
广东省,2011,阳江市,市辖区,1,广东省阳江市市辖区,"[111.581089, 21.74524]"
广东省,2011,阳江市,江城区,1,广东省阳江市江城区,"[111.581089, 21.74524]"
广东省,2011,阳江市,阳东县,2,广东省阳江市阳东县,"[112.0561249, 22.0203937]"
广东省,2011,阳江市,阳春市,6,广东省阳江市阳春市,"[111.709110989, 22.2659692]"
广东省,2011,阳江市,阳西县,2,广东省阳江市阳西县,"[111.581089, 21.74524]"
广东省,2011,阳江市,高新技术产业开发区,1,广东省阳江市高新技术产业开发区,"[111.581089, 21.74524]"
广东省,2012,阳江市,市辖区,28,广东省阳江市市辖区,"[111.581089, 21.74524]"
广东省,2012,阳江市,江城区,216,广东省阳江市江城区,"[111.581089, 21.74524]"
广东省,2012,阳江市,阳东县,113,广东省阳江市阳东县,"[112.0561249, 22.0203937]"
广东省,2012,阳江市,阳春市,230,广东省阳江市阳春市,"[111.709110989, 22.2659692]"
广东省,2012,阳江市,阳西县,18,广东省阳江市阳西县,"[111.581089, 21.74524]"
广东省,2012,阳江市,高新技术产业开发区,1,广东省阳江市高新技术产业开发区,"[111.581089, 21.74524]"
广东省,2013,阳江市,,1,广东省阳江市,"[111.724952777, 22.09432115]"
广东省,2013,阳江市,市辖区,728,广东省阳江市市辖区,"[111.724952777, 22.09432115]"
广东省,2013,阳江市,江城区,1275,广东省阳江市江城区,"[111.724952777, 22.09432115]"
广东省,2013,阳江市,海陵岛经济开发试验区,5,广东省阳江市海陵岛经济开发试验区,"[111.724952777, 22.09432115]"
广东省,2013,阳江市,阳东县,1486,广东省阳江市阳东县,"[112.0561249, 22.0203937]"
广东省,2013,阳江市,阳春市,4316,广东省阳江市阳春市,"[111.709110989, 22.2659692]"
广东省,2013,阳江市,阳西县,1114,广东省阳江市阳西县,"[111.581089, 21.74524]"
广东省,2013,阳江市,高新技术产业开发区,118,广东省阳江市高新技术产业开发区,"[111.581089, 21.74524]"
广东省,2014,阳江市,市辖区,617,广东省阳江市市辖区,"[111.581089, 21.74524]"
广东省,2014,阳江市,江城区,584,广东省阳江市江城区,"[111.581089, 21.74524]"
广东省,2014,阳江市,海陵岛经济开发试验区,3,广东省阳江市海陵岛经济开发试验区,"[111.581089, 21.74524]"
广东省,2014,阳江市,阳东县,471,广东省阳江市阳东县,"[112.0561249, 22.0203937]"
广东省,2014,阳江市,阳春市,4279,广东省阳江市阳春市,"[111.709110989, 22.2659692]"
广东省,2014,阳江市,阳西县,732,广东省阳江市阳西县,"[111.581089, 21.74524]"
广东省,2014,阳江市,高新技术产业开发区,49,广东省阳江市高新技术产业开发区,"[111.581089, 21.74524]"
广东省,2015,阳江市,市辖区,269,广东省阳江市市辖区,"[111.581089, 21.74524]"
广东省,2015,阳江市,江城区,703,广东省阳江市江城区,"[111.581089, 21.74524]"
广东省,2015,阳江市,海陵岛经济开发试验区,37,广东省阳江市海陵岛经济开发试验区,"[111.581089, 21.74524]"
广东省,2015,阳江市,阳东县,878,广东省阳江市阳东县,"[112.0561249, 22.0203937]"
广东省,2015,阳江市,阳春市,4550,广东省阳江市阳春市,"[111.709110989, 22.2659692]"
广东省,2015,阳江市,阳西县,805,广东省阳江市阳西县,"[111.581089, 21.74524]"
广东省,2015,阳江市,高新技术产业开发区,32,广东省阳江市高新技术产业开发区,"[111.581089, 21.74524]"
广东省,2016,阳江市,市辖区,113,广东省阳江市市辖区,"[111.581089, 21.74524]"
广东省,2016,阳江市,江城区,589,广东省阳江市江城区,"[111.581089, 21.74524]"
广东省,2016,阳江市,海陵岛经济开发试验区,27,广东省阳江市海陵岛经济开发试验区,"[111.581089, 21.74524]"
广东省,2016,阳江市,阳东县,592,广东省阳江市阳东县,"[112.0561249, 22.0203937]"
广东省,2016,阳江市,阳春市,3656,广东省阳江市阳春市,"[111.709110989, 22.2659692]"
广东省,2016,阳江市,阳西县,709,广东省阳江市阳西县,"[111.581089, 21.74524]"
广东省,2016,阳江市,高新技术产业开发区,63,广东省阳江市高新技术产业开发区,"[111.581089, 21.74524]"
广东省,2010,新丰,,2,广东省新丰,"[115.167647, 23.093185]"
广东省,2010,南海,,6,广东省南海,"[110.395811729, 21.2050206]"
广东省,2010,南海区,,6,广东省南海区,"[112.982365243, 23.0607812]"
广东省,2010,云浮,,6,广东省云浮,"[111.8061758, 22.8715833]"
广东省,2010,云浮市,云城区,3,广东省云浮市云城区,"[111.8061758, 22.8715833]"
广东省,2010,云浮市,云安县,2,广东省云浮市云安县,"[111.8061758, 22.8715833]"
广东省,2010,云浮市,新兴县,3,广东省云浮市新兴县,"[111.8061758, 22.8715833]"
广东省,2010,云浮市,罗定市,18,广东省云浮市罗定市,"[111.490882194, 22.69328565]"
广东省,2010,云浮市,郁南县,2,广东省云浮市郁南县,"[111.464316, 23.2476102]"
广东省,2011,云浮市,云城区,4,广东省云浮市云城区,"[111.464316, 23.2476102]"
广东省,2011,云浮市,市辖区,2,广东省云浮市市辖区,"[111.464316, 23.2476102]"
广东省,2011,云浮市,新兴县,15,广东省云浮市新兴县,"[111.464316, 23.2476102]"
广东省,2011,云浮市,罗定市,807,广东省云浮市罗定市,"[111.490882194, 22.69328565]"
广东省,2011,云浮市,郁南县,2,广东省云浮市郁南县,"[111.464316, 23.2476102]"
广东省,2012,云浮市,云城区,26,广东省云浮市云城区,"[111.464316, 23.2476102]"
广东省,2012,云浮市,云安县,11,广东省云浮市云安县,"[111.464316, 23.2476102]"
广东省,2012,云浮市,市辖区,31,广东省云浮市市辖区,"[111.464316, 23.2476102]"
广东省,2012,云浮市,新兴县,313,广东省云浮市新兴县,"[111.464316, 23.2476102]"
广东省,2012,云浮市,罗定市,1396,广东省云浮市罗定市,"[111.490882194, 22.69328565]"
广东省,2012,云浮市,郁南县,10,广东省云浮市郁南县,"[111.464316, 23.2476102]"
广东省,2013,云浮市,云城区,406,广东省云浮市云城区,"[111.464316, 23.2476102]"
广东省,2013,云浮市,云安县,216,广东省云浮市云安县,"[111.464316, 23.2476102]"
广东省,2013,云浮市,市辖区,1976,广东省云浮市市辖区,"[111.464316, 23.2476102]"
广东省,2013,云浮市,新兴县,1695,广东省云浮市新兴县,"[111.464316, 23.2476102]"
广东省,2013,云浮市,罗定市,1963,广东省云浮市罗定市,"[111.490882194, 22.69328565]"
广东省,2013,云浮市,郁南县,505,广东省云浮市郁南县,"[111.464316, 23.2476102]"
广东省,2014,云浮市,云城区,548,广东省云浮市云城区,"[111.464316, 23.2476102]"
广东省,2014,云浮市,云安县,154,广东省云浮市云安县,"[111.464316, 23.2476102]"
广东省,2014,云浮市,市辖区,799,广东省云浮市市辖区,"[111.464316, 23.2476102]"
广东省,2014,云浮市,新兴县,761,广东省云浮市新兴县,"[111.464316, 23.2476102]"
广东省,2014,云浮市,罗定市,2150,广东省云浮市罗定市,"[111.490882194, 22.69328565]"
广东省,2014,云浮市,郁南县,593,广东省云浮市郁南县,"[111.464316, 23.2476102]"
广东省,2015,云浮市,云城区,747,广东省云浮市云城区,"[111.464316, 23.2476102]"
广东省,2015,云浮市,云安区,57,广东省云浮市云安区,"[111.464316, 23.2476102]"
广东省,2015,云浮市,云安县,62,广东省云浮市云安县,"[111.464316, 23.2476102]"
广东省,2015,云浮市,市辖区,433,广东省云浮市市辖区,"[111.464316, 23.2476102]"
广东省,2015,云浮市,新兴县,687,广东省云浮市新兴县,"[111.464316, 23.2476102]"
广东省,2015,云浮市,罗定市,2028,广东省云浮市罗定市,"[111.490882194, 22.69328565]"
广东省,2015,云浮市,郁南县,592,广东省云浮市郁南县,"[111.464316, 23.2476102]"
广东省,2016,云浮市,,1,广东省云浮市,"[111.8061758, 22.8715833]"
广东省,2016,云浮市,云城区,785,广东省云浮市云城区,"[111.8061758, 22.8715833]"
广东省,2016,云浮市,云安区,110,广东省云浮市云安区,"[111.8061758, 22.8715833]"
广东省,2016,云浮市,市辖区,439,广东省云浮市市辖区,"[111.8061758, 22.8715833]"
广东省,2016,云浮市,新兴县,398,广东省云浮市新兴县,"[111.8061758, 22.8715833]"
广东省,2016,云浮市,罗定市,2326,广东省云浮市罗定市,"[111.490882194, 22.69328565]"
广东省,2016,云浮市,郁南县,316,广东省云浮市郁南县,"[111.464316, 23.2476102]"
广东省,2010,惠州,,3,广东省惠州,"[114.4141105, 23.1060862]"
广东省,2010,惠州博罗,,1,广东省惠州博罗,"[114.4141105, 23.1060862]"
广东省,2010,惠州市,博罗县,2,广东省惠州市博罗县,"[114.4141105, 23.1060862]"
广东省,2010,惠州市,市辖区,5,广东省惠州市市辖区,"[114.4141105, 23.1060862]"
广东省,2010,惠州市,惠东县,8,广东省惠州市惠东县,"[114.7896457, 22.8475851]"
广东省,2010,惠州市,惠城区,215,广东省惠州市惠城区,"[114.7896457, 22.8475851]"
广东省,2010,惠州市,惠阳区,3,广东省惠州市惠阳区,"[114.7896457, 22.8475851]"
广东省,2010,惠州市,龙门县,4,广东省惠州市龙门县,"[114.7896457, 22.8475851]"
广东省,2011,惠州市,博罗县,4,广东省惠州市博罗县,"[114.7896457, 22.8475851]"
广东省,2011,惠州市,市辖区,22,广东省惠州市市辖区,"[114.7896457, 22.8475851]"
广东省,2011,惠州市,惠东县,1875,广东省惠州市惠东县,"[114.7896457, 22.8475851]"
广东省,2011,惠州市,惠城区,1844,广东省惠州市惠城区,"[114.7896457, 22.8475851]"
广东省,2011,惠州市,惠阳区,27,广东省惠州市惠阳区,"[114.7896457, 22.8475851]"
广东省,2011,惠州市,龙门县,4,广东省惠州市龙门县,"[114.7896457, 22.8475851]"
广东省,2012,惠州市,博罗县,1143,广东省惠州市博罗县,"[114.7896457, 22.8475851]"
广东省,2012,惠州市,市辖区,373,广东省惠州市市辖区,"[114.7896457, 22.8475851]"
广东省,2012,惠州市,惠东县,1740,广东省惠州市惠东县,"[114.7896457, 22.8475851]"
广东省,2012,惠州市,惠城区,3453,广东省惠州市惠城区,"[114.7896457, 22.8475851]"
广东省,2012,惠州市,惠阳区,610,广东省惠州市惠阳区,"[114.7896457, 22.8475851]"
广东省,2012,惠州市,龙门县,118,广东省惠州市龙门县,"[114.7896457, 22.8475851]"
广东省,2012,惠州市,龙门县仲恺区,8,广东省惠州市龙门县仲恺区,"[114.7896457, 22.8475851]"
广东省,2012,惠州市,龙门县大亚湾区,1,广东省惠州市龙门县大亚湾区,"[114.7896457, 22.8475851]"
广东省,2013,惠州市,博罗县,2134,广东省惠州市博罗县,"[114.7896457, 22.8475851]"
广东省,2013,惠州市,市辖区,517,广东省惠州市市辖区,"[114.7896457, 22.8475851]"
广东省,2013,惠州市,惠东县,3718,广东省惠州市惠东县,"[114.7896457, 22.8475851]"
广东省,2013,惠州市,惠城区,2328,广东省惠州市惠城区,"[114.7896457, 22.8475851]"
广东省,2013,惠州市,惠阳区,1627,广东省惠州市惠阳区,"[114.7896457, 22.8475851]"
广东省,2013,惠州市,龙门县,1698,广东省惠州市龙门县,"[114.7896457, 22.8475851]"
广东省,2013,惠州市,龙门县仲恺区,78,广东省惠州市龙门县仲恺区,"[114.7896457, 22.8475851]"
广东省,2013,惠州市,龙门县大亚湾区,11,广东省惠州市龙门县大亚湾区,"[114.7896457, 22.8475851]"
广东省,2014,惠州市,仲恺高新技术产业开发区,138,广东省惠州市仲恺高新技术产业开发区,"[114.7896457, 22.8475851]"
广东省,2014,惠州市,博罗县,1727,广东省惠州市博罗县,"[114.7896457, 22.8475851]"
广东省,2014,惠州市,大亚湾经济技术开发区,15,广东省惠州市大亚湾经济技术开发区,"[114.7896457, 22.8475851]"
广东省,2014,惠州市,市辖区,378,广东省惠州市市辖区,"[114.7896457, 22.8475851]"
广东省,2014,惠州市,惠东县,3410,广东省惠州市惠东县,"[114.7896457, 22.8475851]"
广东省,2014,惠州市,惠城区,2146,广东省惠州市惠城区,"[114.7896457, 22.8475851]"
广东省,2014,惠州市,惠阳区,1692,广东省惠州市惠阳区,"[114.7896457, 22.8475851]"
广东省,2014,惠州市,龙门县,330,广东省惠州市龙门县,"[114.7896457, 22.8475851]"
广东省,2014,惠州市,龙门县仲恺区,75,广东省惠州市龙门县仲恺区,"[114.7896457, 22.8475851]"
广东省,2014,惠州市,龙门县大亚湾区,16,广东省惠州市龙门县大亚湾区,"[114.7896457, 22.8475851]"
广东省,2015,惠州市,仲恺高新技术产业开发区,317,广东省惠州市仲恺高新技术产业开发区,"[114.7896457, 22.8475851]"
广东省,2015,惠州市,博罗县,2083,广东省惠州市博罗县,"[114.7896457, 22.8475851]"
广东省,2015,惠州市,大亚湾经济技术开发区,37,广东省惠州市大亚湾经济技术开发区,"[114.7896457, 22.8475851]"
广东省,2015,惠州市,市辖区,291,广东省惠州市市辖区,"[114.7896457, 22.8475851]"
广东省,2015,惠州市,惠东县,4215,广东省惠州市惠东县,"[114.7896457, 22.8475851]"
广东省,2015,惠州市,惠城区,2133,广东省惠州市惠城区,"[114.7896457, 22.8475851]"
广东省,2015,惠州市,惠阳区,1587,广东省惠州市惠阳区,"[114.7896457, 22.8475851]"
广东省,2015,惠州市,龙门县,242,广东省惠州市龙门县,"[114.7896457, 22.8475851]"
广东省,2016,惠州市,仲恺高新技术产业开发区,189,广东省惠州市仲恺高新技术产业开发区,"[114.7896457, 22.8475851]"
广东省,2016,惠州市,博罗县,2107,广东省惠州市博罗县,"[114.7896457, 22.8475851]"
广东省,2016,惠州市,大亚湾经济技术开发区,47,广东省惠州市大亚湾经济技术开发区,"[114.7896457, 22.8475851]"
广东省,2016,惠州市,市辖区,329,广东省惠州市市辖区,"[114.7896457, 22.8475851]"
广东省,2016,惠州市,惠东县,3740,广东省惠州市惠东县,"[114.7896457, 22.8475851]"
广东省,2016,惠州市,惠城区,2437,广东省惠州市惠城区,"[114.7896457, 22.8475851]"
广东省,2016,惠州市,惠阳区,1493,广东省惠州市惠阳区,"[114.7896457, 22.8475851]"
广东省,2016,惠州市,龙门县,270,广东省惠州市龙门县,"[114.7896457, 22.8475851]"
广东省,2010,白云,,2,广东省白云,"[113.301454965, 23.39314975]"
广东省,2010,白云区,,1,广东省白云区,"[113.328044005, 23.2855005]"
广东省,2010,梅州,,20,广东省梅州,"[116.1177436, 24.3053552]"
广东省,2010,梅州丰顺,,2,广东省梅州丰顺,"[116.186718, 23.754582]"
广东省,2010,梅州市,,2,广东省梅州市,"[116.1177436, 24.3053552]"
广东省,2010,梅州市,丰顺县,8,广东省梅州市丰顺县,"[116.186718, 23.754582]"
广东省,2010,梅州市,五华县,14,广东省梅州市五华县,"[116.186718, 23.754582]"
广东省,2010,梅州市,兴宁市,11,广东省梅州市兴宁市,"[115.745699517, 24.2485199]"
广东省,2010,梅州市,大埔县,3,广东省梅州市大埔县,"[116.5788765, 24.4165854]"
广东省,2010,梅州市,市辖区,4,广东省梅州市市辖区,"[116.5788765, 24.4165854]"
广东省,2010,梅州市,平远县,3,广东省梅州市平远县,"[116.5788765, 24.4165854]"
广东省,2010,梅州市,梅县,4,广东省梅州市梅县,"[116.275398888, 24.35963515]"
广东省,2010,梅州市,梅江区,4,广东省梅州市梅江区,"[115.8693633, 23.9720425]"
广东省,2010,梅州市,蕉岭县,1,广东省梅州市蕉岭县,"[115.8693633, 23.9720425]"
广东省,2011,梅州市,丰顺县,2,广东省梅州市丰顺县,"[116.186718, 23.754582]"
广东省,2011,梅州市,五华县,5,广东省梅州市五华县,"[116.186718, 23.754582]"
广东省,2011,梅州市,兴宁市,5,广东省梅州市兴宁市,"[115.745699517, 24.2485199]"
广东省,2011,梅州市,大埔县,2,广东省梅州市大埔县,"[116.5788765, 24.4165854]"
广东省,2011,梅州市,市辖区,3,广东省梅州市市辖区,"[116.5788765, 24.4165854]"
广东省,2011,梅州市,平远县,2,广东省梅州市平远县,"[116.5788765, 24.4165854]"
广东省,2011,梅州市,梅县,5,广东省梅州市梅县,"[116.275398888, 24.35963515]"
广东省,2011,梅州市,梅江区,1,广东省梅州市梅江区,"[115.8693633, 23.9720425]"
广东省,2011,梅州市,蕉岭县,2,广东省梅州市蕉岭县,"[115.8693633, 23.9720425]"
广东省,2012,梅州市,丰顺县,16,广东省梅州市丰顺县,"[116.186718, 23.754582]"
广东省,2012,梅州市,五华县,110,广东省梅州市五华县,"[116.186718, 23.754582]"
广东省,2012,梅州市,兴宁市,253,广东省梅州市兴宁市,"[115.745699517, 24.2485199]"
广东省,2012,梅州市,大埔县,199,广东省梅州市大埔县,"[116.5788765, 24.4165854]"
广东省,2012,梅州市,市辖区,136,广东省梅州市市辖区,"[116.5788765, 24.4165854]"
广东省,2012,梅州市,平远县,1,广东省梅州市平远县,"[116.5788765, 24.4165854]"
广东省,2012,梅州市,梅县,623,广东省梅州市梅县,"[116.275398888, 24.35963515]"
广东省,2012,梅州市,梅江区,110,广东省梅州市梅江区,"[115.8693633, 23.9720425]"
广东省,2012,梅州市,蕉岭县,8,广东省梅州市蕉岭县,"[115.8693633, 23.9720425]"
广东省,2013,梅州市,,1,广东省梅州市,"[116.1177436, 24.3053552]"
广东省,2013,梅州市,丰顺县,669,广东省梅州市丰顺县,"[116.186718, 23.754582]"
广东省,2013,梅州市,五华县,1353,广东省梅州市五华县,"[116.186718, 23.754582]"
广东省,2013,梅州市,兴宁市,2752,广东省梅州市兴宁市,"[115.745699517, 24.2485199]"
广东省,2013,梅州市,大埔县,756,广东省梅州市大埔县,"[116.5788765, 24.4165854]"
广东省,2013,梅州市,市辖区,344,广东省梅州市市辖区,"[116.5788765, 24.4165854]"
广东省,2013,梅州市,平远县,48,广东省梅州市平远县,"[116.5788765, 24.4165854]"
广东省,2013,梅州市,梅县,1938,广东省梅州市梅县,"[116.275398888, 24.35963515]"
广东省,2013,梅州市,梅江区,729,广东省梅州市梅江区,"[115.8693633, 23.9720425]"
广东省,2013,梅州市,蕉岭县,735,广东省梅州市蕉岭县,"[115.8693633, 23.9720425]"
广东省,2014,梅州市,丰顺县,746,广东省梅州市丰顺县,"[116.186718, 23.754582]"
广东省,2014,梅州市,五华县,938,广东省梅州市五华县,"[116.186718, 23.754582]"
广东省,2014,梅州市,兴宁市,1934,广东省梅州市兴宁市,"[115.745699517, 24.2485199]"
广东省,2014,梅州市,大埔县,584,广东省梅州市大埔县,"[116.5788765, 24.4165854]"
广东省,2014,梅州市,市辖区,365,广东省梅州市市辖区,"[116.5788765, 24.4165854]"
广东省,2014,梅州市,平远县,203,广东省梅州市平远县,"[116.5788765, 24.4165854]"
广东省,2014,梅州市,梅县,1179,广东省梅州市梅县,"[116.275398888, 24.35963515]"
广东省,2014,梅州市,梅江区,484,广东省梅州市梅江区,"[115.8693633, 23.9720425]"
广东省,2014,梅州市,蕉岭县,480,广东省梅州市蕉岭县,"[115.8693633, 23.9720425]"
广东省,2015,梅州市,丰顺县,722,广东省梅州市丰顺县,"[116.186718, 23.754582]"
广东省,2015,梅州市,五华县,1310,广东省梅州市五华县,"[116.186718, 23.754582]"
广东省,2015,梅州市,兴宁市,1907,广东省梅州市兴宁市,"[115.745699517, 24.2485199]"
广东省,2015,梅州市,大埔县,426,广东省梅州市大埔县,"[116.5788765, 24.4165854]"
广东省,2015,梅州市,市辖区,445,广东省梅州市市辖区,"[116.5788765, 24.4165854]"
广东省,2015,梅州市,平远县,490,广东省梅州市平远县,"[116.5788765, 24.4165854]"
广东省,2015,梅州市,梅县,1338,广东省梅州市梅县,"[116.275398888, 24.35963515]"
广东省,2015,梅州市,梅江区,415,广东省梅州市梅江区,"[115.8693633, 23.9720425]"
广东省,2015,梅州市,蕉岭县,577,广东省梅州市蕉岭县,"[115.8693633, 23.9720425]"
广东省,2016,梅州市,丰顺县,689,广东省梅州市丰顺县,"[116.186718, 23.754582]"
广东省,2016,梅州市,五华县,992,广东省梅州市五华县,"[116.186718, 23.754582]"
广东省,2016,梅州市,兴宁市,2259,广东省梅州市兴宁市,"[115.745699517, 24.2485199]"
广东省,2016,梅州市,大埔县,522,广东省梅州市大埔县,"[116.5788765, 24.4165854]"
广东省,2016,梅州市,市辖区,634,广东省梅州市市辖区,"[116.5788765, 24.4165854]"
广东省,2016,梅州市,平远县,413,广东省梅州市平远县,"[116.5788765, 24.4165854]"
广东省,2016,梅州市,梅县,1265,广东省梅州市梅县,"[116.275398888, 24.35963515]"
广东省,2016,梅州市,梅江区,371,广东省梅州市梅江区,"[115.8693633, 23.9720425]"
广东省,2016,梅州市,蕉岭县,659,广东省梅州市蕉岭县,"[115.8693633, 23.9720425]"
广东省,2010,丰顺,,1,广东省丰顺,"[116.186718, 23.754582]"
广东省,2010,梅县,,2,广东省梅县,"[116.275398888, 24.35963515]"
广东省,2010,南沙,,2,广东省南沙,"[113.701565513, 22.021785]"
广东省,2010,兴宁,,4,广东省兴宁,"[115.745699517, 24.2485199]"
广东省,2010,雷州,,2,广东省雷州,"[110.0932095, 20.9076779]"
广东省,2010,横埔区,,1,广东省横埔区,"[110.0932095, 20.9076779]"
广东省,2010,信宜,,5,广东省信宜,"[111.042843, 22.489824]"
广东省,2010,湛江,,17,广东省湛江,"[109.971389, 21.081389]"
广东省,2010,湛江市,吴川市,181,广东省湛江市吴川市,"[110.690706527, 21.445432]"
广东省,2010,湛江市,坡头区,3,广东省湛江市坡头区,"[110.690706527, 21.445432]"
广东省,2010,湛江市,廉江市,7,广东省湛江市廉江市,"[110.0384997, 21.7285518]"
广东省,2010,湛江市,徐闻县,7,广东省湛江市徐闻县,"[110.0384997, 21.7285518]"
广东省,2010,湛江市,赤坎区,1,广东省湛江市赤坎区,"[110.0384997, 21.7285518]"
广东省,2010,湛江市,遂溪县,4,广东省湛江市遂溪县,"[110.262557, 21.400715]"
广东省,2010,湛江市,雷州市,11,广东省湛江市雷州市,"[110.0932095, 20.9076779]"
广东省,2011,湛江市,吴川市,10110,广东省湛江市吴川市,"[110.690706527, 21.445432]"
广东省,2011,湛江市,市辖区,5,广东省湛江市市辖区,"[110.690706527, 21.445432]"
广东省,2011,湛江市,廉江市,3,广东省湛江市廉江市,"[110.0384997, 21.7285518]"
广东省,2011,湛江市,徐闻县,1,广东省湛江市徐闻县,"[110.0384997, 21.7285518]"
广东省,2011,湛江市,遂溪县,3,广东省湛江市遂溪县,"[110.262557, 21.400715]"
广东省,2011,湛江市,雷州市,10,广东省湛江市雷州市,"[110.0932095, 20.9076779]"
广东省,2012,湛江市,吴川市,13896,广东省湛江市吴川市,"[110.690706527, 21.445432]"
广东省,2012,湛江市,坡头区,3,广东省湛江市坡头区,"[110.690706527, 21.445432]"
广东省,2012,湛江市,市徐闻县经济技术开发区,1,广东省湛江市市徐闻县经济技术开发区,"[110.690706527, 21.445432]"
广东省,2012,湛江市,市辖区,9,广东省湛江市市辖区,"[110.690706527, 21.445432]"
广东省,2012,湛江市,廉江市,15,广东省湛江市廉江市,"[110.0384997, 21.7285518]"
广东省,2012,湛江市,徐闻县,327,广东省湛江市徐闻县,"[110.0384997, 21.7285518]"
广东省,2012,湛江市,赤坎区,5,广东省湛江市赤坎区,"[110.0384997, 21.7285518]"
广东省,2012,湛江市,遂溪县,40,广东省湛江市遂溪县,"[110.262557, 21.400715]"
广东省,2012,湛江市,雷州市,8,广东省湛江市雷州市,"[110.0932095, 20.9076779]"
广东省,2012,湛江市,霞山区,9,广东省湛江市霞山区,"[110.0932095, 20.9076779]"
广东省,2013,湛江市,吴川市,6006,广东省湛江市吴川市,"[110.690706527, 21.445432]"
广东省,2013,湛江市,坡头区,614,广东省湛江市坡头区,"[110.690706527, 21.445432]"
广东省,2013,湛江市,市徐闻县经济技术开发区,5,广东省湛江市市徐闻县经济技术开发区,"[110.690706527, 21.445432]"
广东省,2013,湛江市,市辖区,144,广东省湛江市市辖区,"[110.690706527, 21.445432]"
广东省,2013,湛江市,廉江市,849,广东省湛江市廉江市,"[110.0384997, 21.7285518]"
广东省,2013,湛江市,徐闻县,767,广东省湛江市徐闻县,"[110.0384997, 21.7285518]"
广东省,2013,湛江市,赤坎区,644,广东省湛江市赤坎区,"[110.0384997, 21.7285518]"
广东省,2013,湛江市,遂溪县,1061,广东省湛江市遂溪县,"[110.262557, 21.400715]"
广东省,2013,湛江市,雷州市,148,广东省湛江市雷州市,"[110.0932095, 20.9076779]"
广东省,2013,湛江市,霞山区,408,广东省湛江市霞山区,"[110.0932095, 20.9076779]"
广东省,2013,湛江市,麻章区,284,广东省湛江市麻章区,"[110.0932095, 20.9076779]"
广东省,2014,湛江市,,2,广东省湛江市,"[109.971389, 21.081389]"
广东省,2014,湛江市,南三岛滨海旅游示范区,76,广东省湛江市南三岛滨海旅游示范区,"[109.971389, 21.081389]"
广东省,2014,湛江市,吴川市,5076,广东省湛江市吴川市,"[110.690706527, 21.445432]"
广东省,2014,湛江市,坡头区,527,广东省湛江市坡头区,"[110.690706527, 21.445432]"
广东省,2014,湛江市,市徐闻县经济技术开发区,1,广东省湛江市市徐闻县经济技术开发区,"[110.690706527, 21.445432]"
广东省,2014,湛江市,市辖区,200,广东省湛江市市辖区,"[110.690706527, 21.445432]"
广东省,2014,湛江市,廉江市,2367,广东省湛江市廉江市,"[110.0384997, 21.7285518]"
广东省,2014,湛江市,徐闻县,528,广东省湛江市徐闻县,"[110.0384997, 21.7285518]"
广东省,2014,湛江市,经济技术开发区,48,广东省湛江市经济技术开发区,"[110.0384997, 21.7285518]"
广东省,2014,湛江市,赤坎区,667,广东省湛江市赤坎区,"[110.0384997, 21.7285518]"
广东省,2014,湛江市,遂溪县,2062,广东省湛江市遂溪县,"[110.262557, 21.400715]"
广东省,2014,湛江市,雷州市,1497,广东省湛江市雷州市,"[110.0932095, 20.9076779]"
广东省,2014,湛江市,霞山区,877,广东省湛江市霞山区,"[110.0932095, 20.9076779]"
广东省,2014,湛江市,麻章区,156,广东省湛江市麻章区,"[110.0932095, 20.9076779]"
广东省,2015,湛江市,南三岛滨海旅游示范区,189,广东省湛江市南三岛滨海旅游示范区,"[110.0932095, 20.9076779]"
广东省,2015,湛江市,吴川市,4690,广东省湛江市吴川市,"[110.690706527, 21.445432]"
广东省,2015,湛江市,坡头区,636,广东省湛江市坡头区,"[110.690706527, 21.445432]"
广东省,2015,湛江市,奋勇高新技术开发区,1,广东省湛江市奋勇高新技术开发区,"[110.690706527, 21.445432]"
广东省,2015,湛江市,市辖区,371,广东省湛江市市辖区,"[110.690706527, 21.445432]"
广东省,2015,湛江市,廉江市,3574,广东省湛江市廉江市,"[110.0384997, 21.7285518]"
广东省,2015,湛江市,徐闻县,1095,广东省湛江市徐闻县,"[110.0384997, 21.7285518]"
广东省,2015,湛江市,经济技术开发区,283,广东省湛江市经济技术开发区,"[110.0384997, 21.7285518]"
广东省,2015,湛江市,赤坎区,829,广东省湛江市赤坎区,"[110.0384997, 21.7285518]"
广东省,2015,湛江市,遂溪县,2813,广东省湛江市遂溪县,"[110.262557, 21.400715]"
广东省,2015,湛江市,雷州市,2328,广东省湛江市雷州市,"[110.0932095, 20.9076779]"
广东省,2015,湛江市,霞山区,1254,广东省湛江市霞山区,"[110.0932095, 20.9076779]"
广东省,2015,湛江市,麻章区,84,广东省湛江市麻章区,"[110.0932095, 20.9076779]"
广东省,2016,湛江市,南三岛滨海旅游示范区,31,广东省湛江市南三岛滨海旅游示范区,"[110.0932095, 20.9076779]"
广东省,2016,湛江市,吴川市,3028,广东省湛江市吴川市,"[110.690706527, 21.445432]"
广东省,2016,湛江市,坡头区,550,广东省湛江市坡头区,"[110.690706527, 21.445432]"
广东省,2016,湛江市,奋勇高新技术开发区,1,广东省湛江市奋勇高新技术开发区,"[110.690706527, 21.445432]"
广东省,2016,湛江市,市辖区,629,广东省湛江市市辖区,"[110.690706527, 21.445432]"
广东省,2016,湛江市,廉江市,2780,广东省湛江市廉江市,"[110.0384997, 21.7285518]"
广东省,2016,湛江市,徐闻县,1981,广东省湛江市徐闻县,"[110.0384997, 21.7285518]"
广东省,2016,湛江市,经济技术开发区,109,广东省湛江市经济技术开发区,"[110.0384997, 21.7285518]"
广东省,2016,湛江市,赤坎区,1085,广东省湛江市赤坎区,"[110.0384997, 21.7285518]"
广东省,2016,湛江市,遂溪县,3402,广东省湛江市遂溪县,"[110.262557, 21.400715]"
广东省,2016,湛江市,雷州市,2507,广东省湛江市雷州市,"[110.0932095, 20.9076779]"
广东省,2016,湛江市,霞山区,1116,广东省湛江市霞山区,"[110.0932095, 20.9076779]"
广东省,2016,湛江市,麻章区,54,广东省湛江市麻章区,"[110.0932095, 20.9076779]"
广东省,2010,番禺,,4,广东省番禺,"[113.3057073, 22.9807286]"
广东省,2010,清远,,8,广东省清远,"[113.0505994, 23.6832984]"
广东省,2010,清远市,,1,广东省清远市,"[113.0505994, 23.6832984]"
广东省,2010,清远市,佛冈县,6,广东省清远市佛冈县,"[113.0505994, 23.6832984]"
广东省,2010,清远市,市辖区,1,广东省清远市市辖区,"[113.0505994, 23.6832984]"
广东省,2010,清远市,清城区,10,广东省清远市清城区,"[113.1444085, 23.6827968]"
广东省,2010,清远市,清新县,5,广东省清远市清新县,"[112.8486756, 23.8887571]"
广东省,2010,清远市,英德市,13,广东省清远市英德市,"[113.356701004, 24.1967124]"
广东省,2010,清远市,连州市,5,广东省清远市连州市,"[112.3760545, 24.7857601]"
广东省,2010,清远市,阳山县,14,广东省清远市阳山县,"[112.3760545, 24.7857601]"
广东省,2010,清远阳山,,1,广东省清远阳山,"[112.637768592, 24.4507268]"
广东省,2011,清远市,佛冈县,2,广东省清远市佛冈县,"[112.637768592, 24.4507268]"
广东省,2011,清远市,市辖区,18,广东省清远市市辖区,"[112.637768592, 24.4507268]"
广东省,2011,清远市,清城区,2041,广东省清远市清城区,"[113.1444085, 23.6827968]"
广东省,2011,清远市,清新县,2,广东省清远市清新县,"[112.8486756, 23.8887571]"
广东省,2011,清远市,英德市,6,广东省清远市英德市,"[113.356701004, 24.1967124]"
广东省,2011,清远市,连山壮族瑶族自治县,1,广东省清远市连山壮族瑶族自治县,"[113.356701004, 24.1967124]"
广东省,2011,清远市,连州市,2,广东省清远市连州市,"[112.3760545, 24.7857601]"
广东省,2011,清远市,阳山县,4,广东省清远市阳山县,"[112.3760545, 24.7857601]"
广东省,2012,清远市,佛冈县,25,广东省清远市佛冈县,"[112.3760545, 24.7857601]"
广东省,2012,清远市,市辖区,407,广东省清远市市辖区,"[112.3760545, 24.7857601]"
广东省,2012,清远市,清城区,3842,广东省清远市清城区,"[113.1444085, 23.6827968]"
广东省,2012,清远市,清新县,524,广东省清远市清新县,"[112.8486756, 23.8887571]"
广东省,2012,清远市,英德市,2339,广东省清远市英德市,"[113.356701004, 24.1967124]"
广东省,2012,清远市,连南瑶族自治县,2,广东省清远市连南瑶族自治县,"[113.356701004, 24.1967124]"
广东省,2012,清远市,连山壮族瑶族自治县,4,广东省清远市连山壮族瑶族自治县,"[113.356701004, 24.1967124]"
广东省,2012,清远市,连州市,6,广东省清远市连州市,"[112.3760545, 24.7857601]"
广东省,2012,清远市,阳山县,7,广东省清远市阳山县,"[112.3760545, 24.7857601]"
广东省,2013,清远市,,1,广东省清远市,"[113.0505994, 23.6832984]"
广东省,2013,清远市,佛冈县,673,广东省清远市佛冈县,"[113.0505994, 23.6832984]"
广东省,2013,清远市,市辖区,1230,广东省清远市市辖区,"[113.0505994, 23.6832984]"
广东省,2013,清远市,清城区,4301,广东省清远市清城区,"[113.1444085, 23.6827968]"
广东省,2013,清远市,清新县,2949,广东省清远市清新县,"[112.8486756, 23.8887571]"
广东省,2013,清远市,英德市,5371,广东省清远市英德市,"[113.356701004, 24.1967124]"
广东省,2013,清远市,连南瑶族自治县,14,广东省清远市连南瑶族自治县,"[113.356701004, 24.1967124]"
广东省,2013,清远市,连山壮族瑶族自治县,13,广东省清远市连山壮族瑶族自治县,"[113.356701004, 24.1967124]"
广东省,2013,清远市,连州市,387,广东省清远市连州市,"[112.3760545, 24.7857601]"
广东省,2013,清远市,阳山县,329,广东省清远市阳山县,"[112.3760545, 24.7857601]"
广东省,2013,清远市,高新技术开发区,1,广东省清远市高新技术开发区,"[112.3760545, 24.7857601]"
广东省,2014,清远市,,1,广东省清远市,"[113.0505994, 23.6832984]"
广东省,2014,清远市,佛冈县,321,广东省清远市佛冈县,"[113.0505994, 23.6832984]"
广东省,2014,清远市,市辖区,472,广东省清远市市辖区,"[113.0505994, 23.6832984]"
广东省,2014,清远市,清城区,1229,广东省清远市清城区,"[113.1444085, 23.6827968]"
广东省,2014,清远市,清新县,1081,广东省清远市清新县,"[112.8486756, 23.8887571]"
广东省,2014,清远市,英德市,3609,广东省清远市英德市,"[113.356701004, 24.1967124]"
广东省,2014,清远市,连南瑶族自治县,45,广东省清远市连南瑶族自治县,"[113.356701004, 24.1967124]"
广东省,2014,清远市,连山壮族瑶族自治县,40,广东省清远市连山壮族瑶族自治县,"[113.356701004, 24.1967124]"
广东省,2014,清远市,连州市,585,广东省清远市连州市,"[112.3760545, 24.7857601]"
广东省,2014,清远市,阳山县,518,广东省清远市阳山县,"[112.3760545, 24.7857601]"
广东省,2014,清远市,高新技术开发区,2,广东省清远市高新技术开发区,"[112.3760545, 24.7857601]"
广东省,2015,清远市,佛冈县,201,广东省清远市佛冈县,"[112.3760545, 24.7857601]"
广东省,2015,清远市,市辖区,496,广东省清远市市辖区,"[112.3760545, 24.7857601]"
广东省,2015,清远市,清城区,792,广东省清远市清城区,"[113.1444085, 23.6827968]"
广东省,2015,清远市,清新县,755,广东省清远市清新县,"[112.8486756, 23.8887571]"
广东省,2015,清远市,英德市,3967,广东省清远市英德市,"[113.356701004, 24.1967124]"
广东省,2015,清远市,连南瑶族自治县,32,广东省清远市连南瑶族自治县,"[113.356701004, 24.1967124]"
广东省,2015,清远市,连山壮族瑶族自治县,28,广东省清远市连山壮族瑶族自治县,"[113.356701004, 24.1967124]"
广东省,2015,清远市,连州市,210,广东省清远市连州市,"[112.3760545, 24.7857601]"
广东省,2015,清远市,阳山县,382,广东省清远市阳山县,"[112.3760545, 24.7857601]"
广东省,2016,清远市,佛冈县,168,广东省清远市佛冈县,"[112.3760545, 24.7857601]"
广东省,2016,清远市,市辖区,530,广东省清远市市辖区,"[112.3760545, 24.7857601]"
广东省,2016,清远市,清城区,409,广东省清远市清城区,"[113.1444085, 23.6827968]"
广东省,2016,清远市,清新县,450,广东省清远市清新县,"[112.8486756, 23.8887571]"
广东省,2016,清远市,英德市,4797,广东省清远市英德市,"[113.356701004, 24.1967124]"
广东省,2016,清远市,连南瑶族自治县,16,广东省清远市连南瑶族自治县,"[113.356701004, 24.1967124]"
广东省,2016,清远市,连山壮族瑶族自治县,18,广东省清远市连山壮族瑶族自治县,"[113.356701004, 24.1967124]"
广东省,2016,清远市,连州市,147,广东省清远市连州市,"[112.3760545, 24.7857601]"
广东省,2016,清远市,阳山县,442,广东省清远市阳山县,"[112.3760545, 24.7857601]"
广东省,2016,清远市,高新技术开发区,3,广东省清远市高新技术开发区,"[112.3760545, 24.7857601]"
广东省,2010,连州,,3,广东省连州,"[112.3760545, 24.7857601]"
广东省,2010,恩平,,1,广东省恩平,"[112.231933697, 22.2035524]"
广东省,2010,中山,,2,广东省中山,"[113.3656141, 22.5213807]"
广东省,2010,中山市,,1,广东省中山市,"[113.3656141, 22.5213807]"
广东省,2010,中山市,,2,广东省中山市,"[113.3656141, 22.5213807]"
广东省,2010,中山市,仁化县,1,广东省中山市仁化县,"[113.3656141, 22.5213807]"
广东省,2010,中山市,台山市,2,广东省中山市台山市,"[113.3656141, 22.5213807]"
广东省,2010,中山市,黄埔区,1,广东省中山市黄埔区,"[113.3656141, 22.5213807]"
广东省,2011,中山市,,2,广东省中山市,"[113.3656141, 22.5213807]"
广东省,2011,中山市,南雄市,4,广东省中山市南雄市,"[113.3656141, 22.5213807]"
广东省,2011,中山市,台山市,12,广东省中山市台山市,"[113.3656141, 22.5213807]"
广东省,2011,中山市,市直辖乡,4,广东省中山市市直辖乡,"[113.3656141, 22.5213807]"
广东省,2011,中山市,开平市,2,广东省中山市开平市,"[113.3656141, 22.5213807]"
广东省,2011,中山市,黄埔区,2,广东省中山市黄埔区,"[113.3656141, 22.5213807]"
广东省,2012,中山市,南雄市,2,广东省中山市南雄市,"[113.3656141, 22.5213807]"
广东省,2012,中山市,台山市,3,广东省中山市台山市,"[113.3656141, 22.5213807]"
广东省,2012,中山市,市直辖乡,90,广东省中山市市直辖乡,"[113.3656141, 22.5213807]"
广东省,2012,中山市,开平市,1,广东省中山市开平市,"[113.3656141, 22.5213807]"
广东省,2012,中山市,黄埔区,1,广东省中山市黄埔区,"[113.3656141, 22.5213807]"
广东省,2013,中山市,市直辖乡,3483,广东省中山市市直辖乡,"[113.3656141, 22.5213807]"
广东省,2014,中山市,市直辖乡,5947,广东省中山市市直辖乡,"[113.3656141, 22.5213807]"
广东省,2015,中山市,市直辖乡,5472,广东省中山市市直辖乡,"[113.3656141, 22.5213807]"
广东省,2016,中山市,市直辖乡,6990,广东省中山市市直辖乡,"[113.3656141, 22.5213807]"
广东省,2010,龙川,,2,广东省龙川,"[115.2325333, 24.1147587]"
广东省,2010,揭阳,,12,广东省揭阳,"[116.058870544, 23.33239835]"
广东省,2010,揭阳市,惠来县,6,广东省揭阳市惠来县,"[116.058870544, 23.33239835]"
广东省,2010,揭阳市,揭东县,6,广东省揭阳市揭东县,"[116.058870544, 23.33239835]"
广东省,2010,揭阳市,揭西县,2,广东省揭阳市揭西县,"[116.058870544, 23.33239835]"
广东省,2010,揭阳市,普宁市,8,广东省揭阳市普宁市,"[116.16801, 23.300182]"
广东省,2010,揭阳市,榕城区,1,广东省揭阳市榕城区,"[116.16801, 23.300182]"
广东省,2011,揭阳市,东山区,1,广东省揭阳市东山区,"[116.16801, 23.300182]"
广东省,2011,揭阳市,市辖区,2,广东省揭阳市市辖区,"[116.16801, 23.300182]"
广东省,2011,揭阳市,惠来县,4,广东省揭阳市惠来县,"[116.16801, 23.300182]"
广东省,2011,揭阳市,揭东县,3,广东省揭阳市揭东县,"[116.16801, 23.300182]"
广东省,2011,揭阳市,揭西县,3,广东省揭阳市揭西县,"[116.16801, 23.300182]"
广东省,2011,揭阳市,普宁市,3,广东省揭阳市普宁市,"[116.16801, 23.300182]"
广东省,2011,揭阳市,榕城区,3,广东省揭阳市榕城区,"[116.16801, 23.300182]"
广东省,2012,揭阳市,东山区经济开发试验区,1,广东省揭阳市东山区经济开发试验区,"[116.16801, 23.300182]"
广东省,2012,揭阳市,市辖区,2,广东省揭阳市市辖区,"[116.16801, 23.300182]"
广东省,2012,揭阳市,惠来县,4,广东省揭阳市惠来县,"[116.16801, 23.300182]"
广东省,2012,揭阳市,揭东县,1,广东省揭阳市揭东县,"[116.16801, 23.300182]"
广东省,2012,揭阳市,揭西县,2,广东省揭阳市揭西县,"[116.16801, 23.300182]"
广东省,2012,揭阳市,普宁市,4,广东省揭阳市普宁市,"[116.16801, 23.300182]"
广东省,2012,揭阳市,榕城区,1,广东省揭阳市榕城区,"[116.16801, 23.300182]"
广东省,2013,揭阳市,东山区,1,广东省揭阳市东山区,"[116.16801, 23.300182]"
广东省,2013,揭阳市,东山区普宁华侨管理区,5,广东省揭阳市东山区普宁华侨管理区,"[116.16801, 23.300182]"
广东省,2013,揭阳市,市辖区,18,广东省揭阳市市辖区,"[116.16801, 23.300182]"
广东省,2013,揭阳市,惠来县,160,广东省揭阳市惠来县,"[116.16801, 23.300182]"
广东省,2013,揭阳市,揭东区,91,广东省揭阳市揭东区,"[116.16801, 23.300182]"
广东省,2013,揭阳市,揭东县,2,广东省揭阳市揭东县,"[116.16801, 23.300182]"
广东省,2013,揭阳市,揭西县,267,广东省揭阳市揭西县,"[116.16801, 23.300182]"
广东省,2013,揭阳市,普宁市,1170,广东省揭阳市普宁市,"[116.16801, 23.300182]"
广东省,2013,揭阳市,榕城区,115,广东省揭阳市榕城区,"[116.16801, 23.300182]"
广东省,2013,揭阳市,空港经济区,84,广东省揭阳市空港经济区,"[116.16801, 23.300182]"
广东省,2013,揭阳市,蓝城区,121,广东省揭阳市蓝城区,"[116.16801, 23.300182]"
广东省,2014,揭阳市,东山区大南山华侨管理区,3,广东省揭阳市东山区大南山华侨管理区,"[116.16801, 23.300182]"
广东省,2014,揭阳市,东山区普宁华侨管理区,20,广东省揭阳市东山区普宁华侨管理区,"[116.16801, 23.300182]"
广东省,2014,揭阳市,市辖区,58,广东省揭阳市市辖区,"[116.16801, 23.300182]"
广东省,2014,揭阳市,惠来县,2830,广东省揭阳市惠来县,"[116.16801, 23.300182]"
广东省,2014,揭阳市,揭东区,687,广东省揭阳市揭东区,"[116.16801, 23.300182]"
广东省,2014,揭阳市,揭西县,745,广东省揭阳市揭西县,"[116.16801, 23.300182]"
广东省,2014,揭阳市,普宁华侨管理区,19,广东省揭阳市普宁华侨管理区,"[116.16801, 23.300182]"
广东省,2014,揭阳市,普宁市,2885,广东省揭阳市普宁市,"[116.16801, 23.300182]"
广东省,2014,揭阳市,榕城区,493,广东省揭阳市榕城区,"[116.16801, 23.300182]"
广东省,2014,揭阳市,空港经济区,397,广东省揭阳市空港经济区,"[116.16801, 23.300182]"
广东省,2014,揭阳市,蓝城区,440,广东省揭阳市蓝城区,"[116.16801, 23.300182]"
广东省,2015,揭阳市,大南山华侨管理区,1,广东省揭阳市大南山华侨管理区,"[116.16801, 23.300182]"
广东省,2015,揭阳市,市辖区,68,广东省揭阳市市辖区,"[116.16801, 23.300182]"
广东省,2015,揭阳市,惠来县,2302,广东省揭阳市惠来县,"[116.16801, 23.300182]"
广东省,2015,揭阳市,揭东区,741,广东省揭阳市揭东区,"[116.16801, 23.300182]"
广东省,2015,揭阳市,揭西县,495,广东省揭阳市揭西县,"[116.16801, 23.300182]"
广东省,2015,揭阳市,普宁华侨管理区,30,广东省揭阳市普宁华侨管理区,"[116.16801, 23.300182]"
广东省,2015,揭阳市,普宁市,2130,广东省揭阳市普宁市,"[116.16801, 23.300182]"
广东省,2015,揭阳市,榕城区,395,广东省揭阳市榕城区,"[116.16801, 23.300182]"
广东省,2015,揭阳市,空港经济区,369,广东省揭阳市空港经济区,"[116.16801, 23.300182]"
广东省,2015,揭阳市,蓝城区,393,广东省揭阳市蓝城区,"[116.16801, 23.300182]"
广东省,2016,揭阳市,大南山华侨管理区,2,广东省揭阳市大南山华侨管理区,"[116.16801, 23.300182]"
广东省,2016,揭阳市,市辖区,87,广东省揭阳市市辖区,"[116.16801, 23.300182]"
广东省,2016,揭阳市,惠来县,1238,广东省揭阳市惠来县,"[116.16801, 23.300182]"
广东省,2016,揭阳市,揭东区,668,广东省揭阳市揭东区,"[116.16801, 23.300182]"
广东省,2016,揭阳市,揭西县,414,广东省揭阳市揭西县,"[116.16801, 23.300182]"
广东省,2016,揭阳市,普宁华侨管理区,45,广东省揭阳市普宁华侨管理区,"[116.16801, 23.300182]"
广东省,2016,揭阳市,普宁市,1892,广东省揭阳市普宁市,"[116.16801, 23.300182]"
广东省,2016,揭阳市,榕城区,193,广东省揭阳市榕城区,"[116.16801, 23.300182]"
广东省,2016,揭阳市,空港经济区,145,广东省揭阳市空港经济区,"[116.16801, 23.300182]"
广东省,2016,揭阳市,蓝城区,231,广东省揭阳市蓝城区,"[116.16801, 23.300182]"
广东省,2010,翁源,,2,广东省翁源,"[116.16801, 23.300182]"
广东省,2010,开发,,1,广东省开发,"[113.459255553, 22.53886725]"
广东省,2010,开发区,,1,广东省开发区,"[113.5516532, 23.2012046]"
广东省,2010,饶平,,4,广东省饶平,"[116.928126, 23.7144941]"
广东省,2010,揭西,,2,广东省揭西,"[113.980958946, 22.70582025]"
广东省,2010,五华,,5,广东省五华,"[115.61309, 24.067033]"
广东省,2010,珠海,,1,广东省珠海,"[113.931350085, 21.9745252]"
广东省,2010,珠海市,市辖区,1,广东省珠海市市辖区,"[113.931350085, 21.9745252]"
广东省,2010,珠海市,斗门区,4,广东省珠海市斗门区,"[113.931350085, 21.9745252]"
广东省,2011,珠海市,市辖区,12,广东省珠海市市辖区,"[113.931350085, 21.9745252]"
广东省,2011,珠海市,斗门区,6,广东省珠海市斗门区,"[113.931350085, 21.9745252]"
广东省,2011,珠海市,金湾区,2,广东省珠海市金湾区,"[113.931350085, 21.9745252]"
广东省,2011,珠海市,香洲区,14,广东省珠海市香洲区,"[113.931350085, 21.9745252]"
广东省,2011,珠海市,高新技术产业开发区,1,广东省珠海市高新技术产业开发区,"[113.931350085, 21.9745252]"
广东省,2012,珠海市,市辖区,24,广东省珠海市市辖区,"[113.931350085, 21.9745252]"
广东省,2012,珠海市,斗门区,455,广东省珠海市斗门区,"[113.931350085, 21.9745252]"
广东省,2012,珠海市,金湾区,5,广东省珠海市金湾区,"[113.931350085, 21.9745252]"
广东省,2012,珠海市,香洲区,33,广东省珠海市香洲区,"[113.931350085, 21.9745252]"
广东省,2012,珠海市,高新技术产业开发区,2,广东省珠海市高新技术产业开发区,"[113.931350085, 21.9745252]"
广东省,2012,珠海市,高栏港经济区,3,广东省珠海市高栏港经济区,"[113.931350085, 21.9745252]"
广东省,2013,珠海市,万山海洋开发试验区,4,广东省珠海市万山海洋开发试验区,"[113.931350085, 21.9745252]"
广东省,2013,珠海市,市辖区,118,广东省珠海市市辖区,"[113.931350085, 21.9745252]"
广东省,2013,珠海市,斗门区,524,广东省珠海市斗门区,"[113.931350085, 21.9745252]"
广东省,2013,珠海市,横琴新区,1,广东省珠海市横琴新区,"[113.931350085, 21.9745252]"
广东省,2013,珠海市,金湾区,29,广东省珠海市金湾区,"[113.931350085, 21.9745252]"
广东省,2013,珠海市,香洲区,301,广东省珠海市香洲区,"[113.931350085, 21.9745252]"
广东省,2013,珠海市,高新技术产业开发区,6,广东省珠海市高新技术产业开发区,"[113.931350085, 21.9745252]"
广东省,2013,珠海市,高栏港经济区,12,广东省珠海市高栏港经济区,"[113.931350085, 21.9745252]"
广东省,2014,珠海市,万山海洋开发试验区,6,广东省珠海市万山海洋开发试验区,"[113.931350085, 21.9745252]"
广东省,2014,珠海市,市辖区,535,广东省珠海市市辖区,"[113.931350085, 21.9745252]"
广东省,2014,珠海市,斗门区,448,广东省珠海市斗门区,"[113.931350085, 21.9745252]"
广东省,2014,珠海市,横琴新区,1,广东省珠海市横琴新区,"[113.931350085, 21.9745252]"
广东省,2014,珠海市,金湾区,111,广东省珠海市金湾区,"[113.931350085, 21.9745252]"
广东省,2014,珠海市,香洲区,964,广东省珠海市香洲区,"[113.931350085, 21.9745252]"
广东省,2014,珠海市,高新技术产业开发区,24,广东省珠海市高新技术产业开发区,"[113.931350085, 21.9745252]"
广东省,2014,珠海市,高栏港经济区,76,广东省珠海市高栏港经济区,"[113.931350085, 21.9745252]"
广东省,2015,珠海市,,1,广东省珠海市,"[113.931350085, 21.9745252]"
广东省,2015,珠海市,万山海洋开发试验区,4,广东省珠海市万山海洋开发试验区,"[113.931350085, 21.9745252]"
广东省,2015,珠海市,市辖区,507,广东省珠海市市辖区,"[113.931350085, 21.9745252]"
广东省,2015,珠海市,斗门区,491,广东省珠海市斗门区,"[113.931350085, 21.9745252]"
广东省,2015,珠海市,横琴新区,2,广东省珠海市横琴新区,"[113.931350085, 21.9745252]"
广东省,2015,珠海市,金湾区,74,广东省珠海市金湾区,"[113.931350085, 21.9745252]"
广东省,2015,珠海市,香洲区,871,广东省珠海市香洲区,"[113.931350085, 21.9745252]"
广东省,2015,珠海市,高新技术产业开发区,25,广东省珠海市高新技术产业开发区,"[113.931350085, 21.9745252]"
广东省,2015,珠海市,高栏港经济区,102,广东省珠海市高栏港经济区,"[113.931350085, 21.9745252]"
广东省,2016,珠海市,万山海洋开发试验区,4,广东省珠海市万山海洋开发试验区,"[113.931350085, 21.9745252]"
广东省,2016,珠海市,市辖区,408,广东省珠海市市辖区,"[113.931350085, 21.9745252]"
广东省,2016,珠海市,斗门区,538,广东省珠海市斗门区,"[113.931350085, 21.9745252]"
广东省,2016,珠海市,横琴新区,2,广东省珠海市横琴新区,"[113.931350085, 21.9745252]"
广东省,2016,珠海市,金湾区,36,广东省珠海市金湾区,"[113.931350085, 21.9745252]"
广东省,2016,珠海市,香洲区,1205,广东省珠海市香洲区,"[113.931350085, 21.9745252]"
广东省,2016,珠海市,高新技术产业开发区,25,广东省珠海市高新技术产业开发区,"[113.931350085, 21.9745252]"
广东省,2016,珠海市,高栏港经济区,117,广东省珠海市高栏港经济区,"[113.931350085, 21.9745252]"
广东省,2010,惠来,,3,广东省惠来,"[113.931350085, 21.9745252]"
广东省,2010,龙岗,,1,广东省龙岗,"[114.507007653, 22.5579211]"
广东省,2010,普宁,,1,广东省普宁,"[116.16801, 23.300182]"
广东省,2010,信丰,,1,广东省信丰,"[115.167647, 23.093185]"
广东省,2010,英德,,2,广东省英德,"[113.356701004, 24.1967124]"
广东省,2010,紫金,,1,广东省紫金,"[115.0346736, 23.5080511]"
广东省,2010,顺德,,1,广东省顺德,"[113.2892985, 22.8084159]"
广东省,2010,广宁,,1,广东省广宁,"[112.4359814, 23.6477085]"
广东省,2010,越秀,,7,广东省越秀,"[110.0683693, 20.9282457]"
广东省,2010,遂溪,,1,广东省遂溪,"[110.262557, 21.400715]"
广东省,2010,增城,,2,广东省增城,"[113.6082459, 23.2879528]"
广东省,2010,台山,,2,广东省台山,"[112.7884998, 22.2541202]"
广东省,2010,汕头,,7,广东省汕头,"[116.567257609, 23.34189025]"
广东省,2010,汕头市,,1,广东省汕头市,"[116.567257609, 23.34189025]"
广东省,2010,汕头市,市辖区,1,广东省汕头市市辖区,"[116.567257609, 23.34189025]"
广东省,2010,汕头市,潮阳区,3,广东省汕头市潮阳区,"[116.4173268, 23.3834659]"
广东省,2010,汕头市,澄海区,1,广东省汕头市澄海区,"[116.4173268, 23.3834659]"
广东省,2010,汕头市,金平区,1,广东省汕头市金平区,"[116.4173268, 23.3834659]"
广东省,2010,汕头市,黄埔区,1,广东省汕头市黄埔区,"[116.4173268, 23.3834659]"
广东省,2010,汕头市,龙湖区,1,广东省汕头市龙湖区,"[116.4173268, 23.3834659]"
广东省,2011,汕头市,市辖区,2,广东省汕头市市辖区,"[116.4173268, 23.3834659]"
广东省,2011,汕头市,潮阳区,4,广东省汕头市潮阳区,"[116.4173268, 23.3834659]"
广东省,2011,汕头市,澄海区,1,广东省汕头市澄海区,"[116.4173268, 23.3834659]"
广东省,2012,汕头市,南澳县,1,广东省汕头市南澳县,"[116.4173268, 23.3834659]"
广东省,2012,汕头市,市辖区,18,广东省汕头市市辖区,"[116.4173268, 23.3834659]"
广东省,2012,汕头市,潮南区,3,广东省汕头市潮南区,"[116.4173268, 23.3834659]"
广东省,2012,汕头市,潮阳区,1,广东省汕头市潮阳区,"[116.4173268, 23.3834659]"
广东省,2012,汕头市,澄海区,21,广东省汕头市澄海区,"[116.4173268, 23.3834659]"
广东省,2012,汕头市,濠江区,4,广东省汕头市濠江区,"[116.4173268, 23.3834659]"
广东省,2012,汕头市,金平区,12,广东省汕头市金平区,"[116.4173268, 23.3834659]"
广东省,2012,汕头市,龙湖区,36,广东省汕头市龙湖区,"[116.4173268, 23.3834659]"
广东省,2013,汕头市,南澳县,30,广东省汕头市南澳县,"[116.4173268, 23.3834659]"
广东省,2013,汕头市,市辖区,231,广东省汕头市市辖区,"[116.4173268, 23.3834659]"
广东省,2013,汕头市,潮南区,770,广东省汕头市潮南区,"[116.4173268, 23.3834659]"
广东省,2013,汕头市,潮阳区,703,广东省汕头市潮阳区,"[116.4173268, 23.3834659]"
广东省,2013,汕头市,澄海区,2447,广东省汕头市澄海区,"[116.4173268, 23.3834659]"
广东省,2013,汕头市,濠江区,249,广东省汕头市濠江区,"[116.4173268, 23.3834659]"
广东省,2013,汕头市,金平区,524,广东省汕头市金平区,"[116.4173268, 23.3834659]"
广东省,2013,汕头市,龙湖区,715,广东省汕头市龙湖区,"[116.4173268, 23.3834659]"
广东省,2014,汕头市,南澳县,56,广东省汕头市南澳县,"[116.4173268, 23.3834659]"
广东省,2014,汕头市,市辖区,262,广东省汕头市市辖区,"[116.4173268, 23.3834659]"
广东省,2014,汕头市,潮南区,1660,广东省汕头市潮南区,"[116.4173268, 23.3834659]"
广东省,2014,汕头市,潮阳区,1333,广东省汕头市潮阳区,"[116.4173268, 23.3834659]"
广东省,2014,汕头市,澄海区,2246,广东省汕头市澄海区,"[116.4173268, 23.3834659]"
广东省,2014,汕头市,濠江区,447,广东省汕头市濠江区,"[116.4173268, 23.3834659]"
广东省,2014,汕头市,金平区,497,广东省汕头市金平区,"[116.4173268, 23.3834659]"
广东省,2014,汕头市,龙湖区,317,广东省汕头市龙湖区,"[116.4173268, 23.3834659]"
广东省,2015,汕头市,南澳县,32,广东省汕头市南澳县,"[116.4173268, 23.3834659]"
广东省,2015,汕头市,市辖区,202,广东省汕头市市辖区,"[116.4173268, 23.3834659]"
广东省,2015,汕头市,潮南区,1405,广东省汕头市潮南区,"[116.4173268, 23.3834659]"
广东省,2015,汕头市,潮阳区,1452,广东省汕头市潮阳区,"[116.4173268, 23.3834659]"
广东省,2015,汕头市,澄海区,1742,广东省汕头市澄海区,"[116.4173268, 23.3834659]"
广东省,2015,汕头市,濠江区,581,广东省汕头市濠江区,"[116.4173268, 23.3834659]"
广东省,2015,汕头市,金平区,415,广东省汕头市金平区,"[116.4173268, 23.3834659]"
广东省,2015,汕头市,龙湖区,217,广东省汕头市龙湖区,"[116.4173268, 23.3834659]"
广东省,2016,汕头市,南澳县,39,广东省汕头市南澳县,"[116.4173268, 23.3834659]"
广东省,2016,汕头市,市辖区,324,广东省汕头市市辖区,"[116.4173268, 23.3834659]"
广东省,2016,汕头市,潮南区,646,广东省汕头市潮南区,"[116.4173268, 23.3834659]"
广东省,2016,汕头市,潮阳区,715,广东省汕头市潮阳区,"[116.4173268, 23.3834659]"
广东省,2016,汕头市,澄海区,2082,广东省汕头市澄海区,"[116.4173268, 23.3834659]"
广东省,2016,汕头市,濠江区,359,广东省汕头市濠江区,"[116.4173268, 23.3834659]"
广东省,2016,汕头市,金平区,402,广东省汕头市金平区,"[116.4173268, 23.3834659]"
广东省,2016,汕头市,龙湖区,320,广东省汕头市龙湖区,"[116.4173268, 23.3834659]"
广东省,2010,新会,,1,广东省新会,"[115.75806847, 24.14990695]"
广东省,2010,电白,,3,广东省电白,"[111.1777437, 21.7080574]"
广东省,2010,东莞,,2,广东省东莞,"[113.7524781, 23.0449275]"
广东省,2010,东莞市,,1,广东省东莞市,"[113.7524781, 23.0449275]"
广东省,2010,东莞市,,2,广东省东莞市,"[113.7524781, 23.0449275]"
广东省,2010,东莞市,乐昌市,1,广东省东莞市乐昌市,"[113.7524781, 23.0449275]"
广东省,2010,东莞市,黄埔区,1,广东省东莞市黄埔区,"[113.7524781, 23.0449275]"
广东省,2011,东莞市,,2,广东省东莞市,"[113.7524781, 23.0449275]"
广东省,2011,东莞市,南雄市,3,广东省东莞市南雄市,"[113.7524781, 23.0449275]"
广东省,2011,东莞市,台山市,7,广东省东莞市台山市,"[113.7524781, 23.0449275]"
广东省,2011,东莞市,市直辖乡,14,广东省东莞市市直辖乡,"[113.7524781, 23.0449275]"
广东省,2011,东莞市,开平市,5,广东省东莞市开平市,"[113.7524781, 23.0449275]"
广东省,2011,东莞市,惠城区,1,广东省东莞市惠城区,"[113.7524781, 23.0449275]"
广东省,2011,东莞市,黄埔区,1,广东省东莞市黄埔区,"[113.7524781, 23.0449275]"
广东省,2012,东莞市,南海区,2,广东省东莞市南海区,"[113.7524781, 23.0449275]"
广东省,2012,东莞市,台山市,1,广东省东莞市台山市,"[113.7524781, 23.0449275]"
广东省,2012,东莞市,市直辖乡,155,广东省东莞市市直辖乡,"[113.7524781, 23.0449275]"
广东省,2013,东莞市,市直辖乡,2196,广东省东莞市市直辖乡,"[113.7524781, 23.0449275]"
广东省,2014,东莞市,市直辖乡,7202,广东省东莞市市直辖乡,"[113.7524781, 23.0449275]"
广东省,2015,东莞市,市直辖乡,4992,广东省东莞市市直辖乡,"[113.7524781, 23.0449275]"
广东省,2016,东莞市,市直辖乡,4737,广东省东莞市市直辖乡,"[113.7524781, 23.0449275]"
广东省,2010,广州,,1001,广东省广州,"[113.319321, 23.1387267]"
广东省,2010,广州从化,,1,广东省广州从化,"[113.319321, 23.1387267]"
广东省,2010,广州南沙,,1,广东省广州南沙,"[113.576660714, 22.7150049]"
广东省,2010,广州天河,,4,广东省广州天河,"[113.7934363, 23.2606986]"
广东省,2010,广州市,,204,广东省广州市,"[113.319321, 23.1387267]"
广东省,2010,广州市,,1,广东省广州市,"[113.319321, 23.1387267]"
广东省,2010,广州市,从化市,6,广东省广州市从化市,"[113.319321, 23.1387267]"
广东省,2010,广州市,增城市,11,广东省广州市增城市,"[113.6082459, 23.2879528]"
广东省,2010,广州市,天河区,16,广东省广州市天河区,"[113.7934363, 23.2606986]"
广东省,2010,广州市,市辖区,34,广东省广州市市辖区,"[113.7934363, 23.2606986]"
广东省,2010,广州市,海珠区,13,广东省广州市海珠区,"[113.7934363, 23.2606986]"
广东省,2010,广州市,番禺区,7,广东省广州市番禺区,"[113.3057073, 22.9807286]"
广东省,2010,广州市,白云区,4,广东省广州市白云区,"[113.3057073, 22.9807286]"
广东省,2010,广州市,花都区,4,广东省广州市花都区,"[113.3057073, 22.9807286]"
广东省,2010,广州市,荔湾区,6,广东省广州市荔湾区,"[113.3057073, 22.9807286]"
广东省,2010,广州市,萝岗区,25,广东省广州市萝岗区,"[113.2865131, 23.1370675]"
广东省,2010,广州市,越秀区,8,广东省广州市越秀区,"[113.2865131, 23.1370675]"
广东省,2010,广州市,黄埔区,651,广东省广州市黄埔区,"[113.2865131, 23.1370675]"
广东省,2010,广州市天河,,1,广东省广州市天河,"[113.7934363, 23.2606986]"
广东省,2010,广州市天河区,,2,广东省广州市天河区,"[113.7934363, 23.2606986]"
广东省,2010,广州市巩县埔区,,1,广东省广州市巩县埔区,"[113.7934363, 23.2606986]"
广东省,2010,广州市白云区,,2,广东省广州市白云区,"[113.7934363, 23.2606986]"
广东省,2010,广州市荔湾,,1,广东省广州市荔湾,"[113.7934363, 23.2606986]"
广东省,2010,广州市荔湾区,,1,广东省广州市荔湾区,"[113.7934363, 23.2606986]"
广东省,2010,广州市越秀区,,2,广东省广州市越秀区,"[113.7934363, 23.2606986]"
广东省,2010,广州市黄埔,,6,广东省广州市黄埔,"[113.7934363, 23.2606986]"
广东省,2010,广州市黄埔区,,21,广东省广州市黄埔区,"[113.7934363, 23.2606986]"
广东省,2010,广州开发区,,4,广东省广州开发区,"[113.5516532, 23.2012046]"
广东省,2010,广州花都,,1,广东省广州花都,"[113.5516532, 23.2012046]"
广东省,2010,广州萝岗,,4,广东省广州萝岗,"[113.2865131, 23.1370675]"
广东省,2010,广州越秀,,1,广东省广州越秀,"[113.2865131, 23.1370675]"
广东省,2010,广州黄博,,1,广东省广州黄博,"[113.2865131, 23.1370675]"
广东省,2010,广州黄埔,,43,广东省广州黄埔,"[113.2865131, 23.1370675]"
广东省,2010,广州黄埔区,,3,广东省广州黄埔区,"[113.48779032, 23.2228231]"
广东省,2011,广州市,,1,广东省广州市,"[113.319321, 23.1387267]"
广东省,2011,广州市,从化市,4,广东省广州市从化市,"[113.319321, 23.1387267]"
广东省,2011,广州市,南沙区,3,广东省广州市南沙区,"[113.319321, 23.1387267]"
广东省,2011,广州市,南海区,2,广东省广州市南海区,"[113.319321, 23.1387267]"
广东省,2011,广州市,台山市,5,广东省广州市台山市,"[113.319321, 23.1387267]"
广东省,2011,广州市,增城市,7,广东省广州市增城市,"[113.6082459, 23.2879528]"
广东省,2011,广州市,天河区,59,广东省广州市天河区,"[113.7934363, 23.2606986]"
广东省,2011,广州市,市辖区,93,广东省广州市市辖区,"[113.7934363, 23.2606986]"
广东省,2011,广州市,开平市,1,广东省广州市开平市,"[113.7934363, 23.2606986]"
广东省,2011,广州市,洛南县,1,广东省广州市洛南县,"[113.7934363, 23.2606986]"
广东省,2011,广州市,海珠区,42,广东省广州市海珠区,"[113.7934363, 23.2606986]"
广东省,2011,广州市,番禺区,535,广东省广州市番禺区,"[113.3057073, 22.9807286]"
广东省,2011,广州市,白云区,25,广东省广州市白云区,"[113.3057073, 22.9807286]"
广东省,2011,广州市,花都区,10,广东省广州市花都区,"[113.3057073, 22.9807286]"
广东省,2011,广州市,荔湾区,31,广东省广州市荔湾区,"[113.3057073, 22.9807286]"
广东省,2011,广州市,萝岗区,30,广东省广州市萝岗区,"[113.2865131, 23.1370675]"
广东省,2011,广州市,越秀区,39,广东省广州市越秀区,"[113.2865131, 23.1370675]"
广东省,2011,广州市,黄埔区,1677,广东省广州市黄埔区,"[113.2865131, 23.1370675]"
广东省,2012,广州市,从化市,10,广东省广州市从化市,"[113.2865131, 23.1370675]"
广东省,2012,广州市,南沙区,25,广东省广州市南沙区,"[113.2865131, 23.1370675]"
广东省,2012,广州市,台山市,7,广东省广州市台山市,"[113.2865131, 23.1370675]"
广东省,2012,广州市,增城市,55,广东省广州市增城市,"[113.6082459, 23.2879528]"
广东省,2012,广州市,天河区,156,广东省广州市天河区,"[113.7934363, 23.2606986]"
广东省,2012,广州市,市辖区,215,广东省广州市市辖区,"[113.7934363, 23.2606986]"
广东省,2012,广州市,海珠区,107,广东省广州市海珠区,"[113.7934363, 23.2606986]"
广东省,2012,广州市,番禺区,2911,广东省广州市番禺区,"[113.3057073, 22.9807286]"
广东省,2012,广州市,白云区,64,广东省广州市白云区,"[113.3057073, 22.9807286]"
广东省,2012,广州市,花都区,48,广东省广州市花都区,"[113.3057073, 22.9807286]"
广东省,2012,广州市,荔湾区,64,广东省广州市荔湾区,"[113.3057073, 22.9807286]"
广东省,2012,广州市,萝岗区,33,广东省广州市萝岗区,"[113.2865131, 23.1370675]"
广东省,2012,广州市,越秀区,85,广东省广州市越秀区,"[113.2865131, 23.1370675]"
广东省,2012,广州市,黄埔区,1115,广东省广州市黄埔区,"[113.2865131, 23.1370675]"
广东省,2013,广州市,从化市,280,广东省广州市从化市,"[113.2865131, 23.1370675]"
广东省,2013,广州市,南沙区,322,广东省广州市南沙区,"[113.2865131, 23.1370675]"
广东省,2013,广州市,增城市,3907,广东省广州市增城市,"[113.6082459, 23.2879528]"
广东省,2013,广州市,天河区,570,广东省广州市天河区,"[113.7934363, 23.2606986]"
广东省,2013,广州市,市辖区,1076,广东省广州市市辖区,"[113.7934363, 23.2606986]"
广东省,2013,广州市,海珠区,507,广东省广州市海珠区,"[113.7934363, 23.2606986]"
广东省,2013,广州市,番禺区,3240,广东省广州市番禺区,"[113.3057073, 22.9807286]"
广东省,2013,广州市,白云区,995,广东省广州市白云区,"[113.3057073, 22.9807286]"
广东省,2013,广州市,花都区,287,广东省广州市花都区,"[113.3057073, 22.9807286]"
广东省,2013,广州市,荔湾区,386,广东省广州市荔湾区,"[113.3057073, 22.9807286]"
广东省,2013,广州市,萝岗区,336,广东省广州市萝岗区,"[113.2865131, 23.1370675]"
广东省,2013,广州市,越秀区,570,广东省广州市越秀区,"[113.2865131, 23.1370675]"
广东省,2013,广州市,黄埔区,647,广东省广州市黄埔区,"[113.2865131, 23.1370675]"
广东省,2014,广州市,,4,广东省广州市,"[113.319321, 23.1387267]"
广东省,2014,广州市,从化市,2526,广东省广州市从化市,"[113.319321, 23.1387267]"
广东省,2014,广州市,南沙区,601,广东省广州市南沙区,"[113.319321, 23.1387267]"
广东省,2014,广州市,增城市,3805,广东省广州市增城市,"[113.6082459, 23.2879528]"
广东省,2014,广州市,天河区,1758,广东省广州市天河区,"[113.7934363, 23.2606986]"
广东省,2014,广州市,市辖区,1654,广东省广州市市辖区,"[113.7934363, 23.2606986]"
广东省,2014,广州市,海珠区,1150,广东省广州市海珠区,"[113.7934363, 23.2606986]"
广东省,2014,广州市,番禺区,3172,广东省广州市番禺区,"[113.3057073, 22.9807286]"
广东省,2014,广州市,白云区,2428,广东省广州市白云区,"[113.3057073, 22.9807286]"
广东省,2014,广州市,花都区,787,广东省广州市花都区,"[113.3057073, 22.9807286]"
广东省,2014,广州市,荔湾区,1401,广东省广州市荔湾区,"[113.3057073, 22.9807286]"
广东省,2014,广州市,萝岗区,679,广东省广州市萝岗区,"[113.2865131, 23.1370675]"
广东省,2014,广州市,越秀区,2783,广东省广州市越秀区,"[113.2865131, 23.1370675]"
广东省,2014,广州市,黄埔区,553,广东省广州市黄埔区,"[113.2865131, 23.1370675]"
广东省,2015,广州市,,2,广东省广州市,"[113.319321, 23.1387267]"
广东省,2015,广州市,从化市,2659,广东省广州市从化市,"[113.319321, 23.1387267]"
广东省,2015,广州市,南沙区,437,广东省广州市南沙区,"[113.319321, 23.1387267]"
广东省,2015,广州市,增城市,1874,广东省广州市增城市,"[113.6082459, 23.2879528]"
广东省,2015,广州市,天河区,1244,广东省广州市天河区,"[113.7934363, 23.2606986]"
广东省,2015,广州市,市辖区,1343,广东省广州市市辖区,"[113.7934363, 23.2606986]"
广东省,2015,广州市,海珠区,979,广东省广州市海珠区,"[113.7934363, 23.2606986]"
广东省,2015,广州市,番禺区,2927,广东省广州市番禺区,"[113.3057073, 22.9807286]"
广东省,2015,广州市,白云区,1190,广东省广州市白云区,"[113.3057073, 22.9807286]"
广东省,2015,广州市,花都区,1504,广东省广州市花都区,"[113.3057073, 22.9807286]"
广东省,2015,广州市,荔湾区,775,广东省广州市荔湾区,"[113.3057073, 22.9807286]"
广东省,2015,广州市,萝岗区,352,广东省广州市萝岗区,"[113.2865131, 23.1370675]"
广东省,2015,广州市,越秀区,1712,广东省广州市越秀区,"[113.2865131, 23.1370675]"
广东省,2015,广州市,黄埔区,501,广东省广州市黄埔区,"[113.2865131, 23.1370675]"
广东省,2016,广州市,,3,广东省广州市,"[113.319321, 23.1387267]"
广东省,2016,广州市,ff808081389dd0d001389dd0&0530861,1,广东省广州市ff808081389dd0d001389dd0&0530861,"[113.319321, 23.1387267]"
广东省,2016,广州市,从化市,3729,广东省广州市从化市,"[113.319321, 23.1387267]"
广东省,2016,广州市,南沙区,474,广东省广州市南沙区,"[113.319321, 23.1387267]"
广东省,2016,广州市,增城市,3007,广东省广州市增城市,"[113.6082459, 23.2879528]"
广东省,2016,广州市,天河区,2079,广东省广州市天河区,"[113.7934363, 23.2606986]"
广东省,2016,广州市,市辖区,1778,广东省广州市市辖区,"[113.7934363, 23.2606986]"
广东省,2016,广州市,海珠区,1564,广东省广州市海珠区,"[113.7934363, 23.2606986]"
广东省,2016,广州市,番禺区,3454,广东省广州市番禺区,"[113.3057073, 22.9807286]"
广东省,2016,广州市,白云区,1419,广东省广州市白云区,"[113.3057073, 22.9807286]"
广东省,2016,广州市,花都区,1900,广东省广州市花都区,"[113.3057073, 22.9807286]"
广东省,2016,广州市,荔湾区,1060,广东省广州市荔湾区,"[113.3057073, 22.9807286]"
广东省,2016,广州市,萝岗区,368,广东省广州市萝岗区,"[113.2865131, 23.1370675]"
广东省,2016,广州市,越秀区,1863,广东省广州市越秀区,"[113.2865131, 23.1370675]"
广东省,2016,广州市,黄埔区,921,广东省广州市黄埔区,"[113.2865131, 23.1370675]"
广东省,2010,南雄,,8,广东省南雄,"[114.3064615, 25.1192792]"
广东省,2010,肇庆,,7,广东省肇庆,"[112.4728451, 23.0515551]"
广东省,2010,肇庆市,四会市,9,广东省肇庆市四会市,"[112.671314, 23.444787]"
广东省,2010,肇庆市,封开县,6,广东省肇庆市封开县,"[112.671314, 23.444787]"
广东省,2010,肇庆市,广宁县,12,广东省肇庆市广宁县,"[112.4359814, 23.6477085]"
广东省,2010,肇庆市,德庆县,2,广东省肇庆市德庆县,"[112.4359814, 23.6477085]"
广东省,2010,肇庆市,怀集县,13,广东省肇庆市怀集县,"[112.1540165, 23.8946656]"
广东省,2010,肇庆市,端州区,298,广东省肇庆市端州区,"[112.1540165, 23.8946656]"
广东省,2010,肇庆市,高要市,7,广东省肇庆市高要市,"[112.750106878, 23.10659015]"
广东省,2010,肇庆市,鼎湖区,2,广东省肇庆市鼎湖区,"[112.750106878, 23.10659015]"
广东省,2011,肇庆市,四会市,1,广东省肇庆市四会市,"[112.671314, 23.444787]"
广东省,2011,肇庆市,封开县,2,广东省肇庆市封开县,"[112.671314, 23.444787]"
广东省,2011,肇庆市,市辖区,11,广东省肇庆市市辖区,"[112.671314, 23.444787]"
广东省,2011,肇庆市,广宁县,9,广东省肇庆市广宁县,"[112.4359814, 23.6477085]"
广东省,2011,肇庆市,德庆县,1,广东省肇庆市德庆县,"[112.4359814, 23.6477085]"
广东省,2011,肇庆市,怀集县,3,广东省肇庆市怀集县,"[112.1540165, 23.8946656]"
广东省,2011,肇庆市,端州区,595,广东省肇庆市端州区,"[112.1540165, 23.8946656]"
广东省,2011,肇庆市,高要市,102,广东省肇庆市高要市,"[112.750106878, 23.10659015]"
广东省,2011,肇庆市,鼎湖区,3,广东省肇庆市鼎湖区,"[112.750106878, 23.10659015]"
广东省,2012,肇庆市,四会市,424,广东省肇庆市四会市,"[112.671314, 23.444787]"
广东省,2012,肇庆市,封开县,91,广东省肇庆市封开县,"[112.671314, 23.444787]"
广东省,2012,肇庆市,市辖区,173,广东省肇庆市市辖区,"[112.671314, 23.444787]"
广东省,2012,肇庆市,广宁县,2660,广东省肇庆市广宁县,"[112.4359814, 23.6477085]"
广东省,2012,肇庆市,德庆县,11,广东省肇庆市德庆县,"[112.4359814, 23.6477085]"
广东省,2012,肇庆市,怀集县,189,广东省肇庆市怀集县,"[112.1540165, 23.8946656]"
广东省,2012,肇庆市,端州区,1046,广东省肇庆市端州区,"[112.1540165, 23.8946656]"
广东省,2012,肇庆市,高要市,3294,广东省肇庆市高要市,"[112.750106878, 23.10659015]"
广东省,2012,肇庆市,鼎湖区,277,广东省肇庆市鼎湖区,"[112.750106878, 23.10659015]"
广东省,2013,肇庆市,四会市,2572,广东省肇庆市四会市,"[112.671314, 23.444787]"
广东省,2013,肇庆市,封开县,1095,广东省肇庆市封开县,"[112.671314, 23.444787]"
广东省,2013,肇庆市,市辖区,629,广东省肇庆市市辖区,"[112.671314, 23.444787]"
广东省,2013,肇庆市,广宁县,1596,广东省肇庆市广宁县,"[112.4359814, 23.6477085]"
广东省,2013,肇庆市,德庆县,356,广东省肇庆市德庆县,"[112.4359814, 23.6477085]"
广东省,2013,肇庆市,怀集县,1516,广东省肇庆市怀集县,"[112.1540165, 23.8946656]"
广东省,2013,肇庆市,端州区,1394,广东省肇庆市端州区,"[112.1540165, 23.8946656]"
广东省,2013,肇庆市,高要市,2794,广东省肇庆市高要市,"[112.750106878, 23.10659015]"
广东省,2013,肇庆市,鼎湖区,399,广东省肇庆市鼎湖区,"[112.750106878, 23.10659015]"
广东省,2014,肇庆市,四会市,1593,广东省肇庆市四会市,"[112.671314, 23.444787]"
广东省,2014,肇庆市,封开县,921,广东省肇庆市封开县,"[112.671314, 23.444787]"
广东省,2014,肇庆市,市辖区,487,广东省肇庆市市辖区,"[112.671314, 23.444787]"
广东省,2014,肇庆市,广宁县,1761,广东省肇庆市广宁县,"[112.4359814, 23.6477085]"
广东省,2014,肇庆市,德庆县,466,广东省肇庆市德庆县,"[112.4359814, 23.6477085]"
广东省,2014,肇庆市,怀集县,2262,广东省肇庆市怀集县,"[112.1540165, 23.8946656]"
广东省,2014,肇庆市,端州区,1311,广东省肇庆市端州区,"[112.1540165, 23.8946656]"
广东省,2014,肇庆市,高要市,1547,广东省肇庆市高要市,"[112.750106878, 23.10659015]"
广东省,2014,肇庆市,鼎湖区,168,广东省肇庆市鼎湖区,"[112.750106878, 23.10659015]"
广东省,2015,肇庆市,四会市,1470,广东省肇庆市四会市,"[112.671314, 23.444787]"
广东省,2015,肇庆市,封开县,711,广东省肇庆市封开县,"[112.671314, 23.444787]"
广东省,2015,肇庆市,市辖区,445,广东省肇庆市市辖区,"[112.671314, 23.444787]"
广东省,2015,肇庆市,广宁县,1049,广东省肇庆市广宁县,"[112.4359814, 23.6477085]"
广东省,2015,肇庆市,德庆县,220,广东省肇庆市德庆县,"[112.4359814, 23.6477085]"
广东省,2015,肇庆市,怀集县,1006,广东省肇庆市怀集县,"[112.1540165, 23.8946656]"
广东省,2015,肇庆市,端州区,1270,广东省肇庆市端州区,"[112.1540165, 23.8946656]"
广东省,2015,肇庆市,高要市,1403,广东省肇庆市高要市,"[112.750106878, 23.10659015]"
广东省,2015,肇庆市,鼎湖区,149,广东省肇庆市鼎湖区,"[112.750106878, 23.10659015]"
广东省,2016,肇庆市,,1,广东省肇庆市,"[112.4728451, 23.0515551]"
广东省,2016,肇庆市,四会市,1545,广东省肇庆市四会市,"[112.671314, 23.444787]"
广东省,2016,肇庆市,封开县,564,广东省肇庆市封开县,"[112.671314, 23.444787]"
广东省,2016,肇庆市,市辖区,378,广东省肇庆市市辖区,"[112.671314, 23.444787]"
广东省,2016,肇庆市,广宁县,1352,广东省肇庆市广宁县,"[112.4359814, 23.6477085]"
广东省,2016,肇庆市,德庆县,126,广东省肇庆市德庆县,"[112.4359814, 23.6477085]"
广东省,2016,肇庆市,怀集县,1059,广东省肇庆市怀集县,"[112.1540165, 23.8946656]"
广东省,2016,肇庆市,端州区,1468,广东省肇庆市端州区,"[112.1540165, 23.8946656]"
广东省,2016,肇庆市,高要市,1057,广东省肇庆市高要市,"[112.750106878, 23.10659015]"
广东省,2016,肇庆市,鼎湖区,145,广东省肇庆市鼎湖区,"[112.750106878, 23.10659015]"
广东省,2010,化州,,2,广东省化州,"[110.500686095, 21.8410427]"
广东省,2010,汕尾,,2,广东省汕尾,"[115.3541259, 22.7752816]"
广东省,2010,汕尾市,城区,3,广东省汕尾市城区,"[115.412222, 22.807222]"
广东省,2010,汕尾市,海丰县,1,广东省汕尾市海丰县,"[115.412222, 22.807222]"
广东省,2010,汕尾市,陆丰市,3,广东省汕尾市陆丰市,"[115.6407142, 22.9455881]"
广东省,2010,汕尾市,陆河县,1,广东省汕尾市陆河县,"[115.6427975, 23.2932296]"
广东省,2011,汕尾市,城区,2,广东省汕尾市城区,"[115.412222, 22.807222]"
广东省,2011,汕尾市,市辖区,1,广东省汕尾市市辖区,"[115.412222, 22.807222]"
广东省,2011,汕尾市,陆丰市,2,广东省汕尾市陆丰市,"[115.6407142, 22.9455881]"
广东省,2012,汕尾市,城区,2,广东省汕尾市城区,"[115.412222, 22.807222]"
广东省,2012,汕尾市,市辖区,4,广东省汕尾市市辖区,"[115.412222, 22.807222]"
广东省,2012,汕尾市,海丰县,2,广东省汕尾市海丰县,"[115.412222, 22.807222]"
广东省,2012,汕尾市,陆丰市,5,广东省汕尾市陆丰市,"[115.6407142, 22.9455881]"
广东省,2012,汕尾市,陆河县,4,广东省汕尾市陆河县,"[115.6427975, 23.2932296]"
广东省,2013,汕尾市,城区,4,广东省汕尾市城区,"[115.412222, 22.807222]"
广东省,2013,汕尾市,市辖区,8,广东省汕尾市市辖区,"[115.412222, 22.807222]"
广东省,2013,汕尾市,海丰县,29,广东省汕尾市海丰县,"[115.412222, 22.807222]"
广东省,2013,汕尾市,陆丰市,15,广东省汕尾市陆丰市,"[115.6407142, 22.9455881]"
广东省,2013,汕尾市,陆河县,3,广东省汕尾市陆河县,"[115.6427975, 23.2932296]"
广东省,2013,汕尾市,陆河县华侨管理区,1,广东省汕尾市陆河县华侨管理区,"[115.6427975, 23.2932296]"
广东省,2014,汕尾市,华侨管理区,4,广东省汕尾市华侨管理区,"[115.6427975, 23.2932296]"
广东省,2014,汕尾市,城区,16,广东省汕尾市城区,"[115.412222, 22.807222]"
广东省,2014,汕尾市,市辖区,34,广东省汕尾市市辖区,"[115.412222, 22.807222]"
广东省,2014,汕尾市,海丰县,22,广东省汕尾市海丰县,"[115.412222, 22.807222]"
广东省,2014,汕尾市,红海湾开发区,21,广东省汕尾市红海湾开发区,"[115.412222, 22.807222]"
广东省,2014,汕尾市,陆丰市,60,广东省汕尾市陆丰市,"[115.6407142, 22.9455881]"
广东省,2014,汕尾市,陆河县,10,广东省汕尾市陆河县,"[115.6427975, 23.2932296]"
广东省,2014,汕尾市,陆河县华侨管理区,3,广东省汕尾市陆河县华侨管理区,"[115.6427975, 23.2932296]"
广东省,2014,汕尾市,陆河县红海湾开发区,52,广东省汕尾市陆河县红海湾开发区,"[115.6427975, 23.2932296]"
广东省,2015,汕尾市,华侨管理区,12,广东省汕尾市华侨管理区,"[115.6427975, 23.2932296]"
广东省,2015,汕尾市,城区,36,广东省汕尾市城区,"[115.412222, 22.807222]"
广东省,2015,汕尾市,市辖区,25,广东省汕尾市市辖区,"[115.412222, 22.807222]"
广东省,2015,汕尾市,海丰县,856,广东省汕尾市海丰县,"[115.412222, 22.807222]"
广东省,2015,汕尾市,红海湾开发区,160,广东省汕尾市红海湾开发区,"[115.412222, 22.807222]"
广东省,2015,汕尾市,陆丰市,52,广东省汕尾市陆丰市,"[115.6407142, 22.9455881]"
广东省,2015,汕尾市,陆河县,10,广东省汕尾市陆河县,"[115.6427975, 23.2932296]"
广东省,2016,汕尾市,华侨管理区,9,广东省汕尾市华侨管理区,"[115.6427975, 23.2932296]"
广东省,2016,汕尾市,城区,23,广东省汕尾市城区,"[115.412222, 22.807222]"
广东省,2016,汕尾市,市辖区,26,广东省汕尾市市辖区,"[115.412222, 22.807222]"
广东省,2016,汕尾市,海丰县,508,广东省汕尾市海丰县,"[115.412222, 22.807222]"
广东省,2016,汕尾市,红海湾开发区,213,广东省汕尾市红海湾开发区,"[115.412222, 22.807222]"
广东省,2016,汕尾市,陆丰市,54,广东省汕尾市陆丰市,"[115.6407142, 22.9455881]"
广东省,2016,汕尾市,陆河县,18,广东省汕尾市陆河县,"[115.6427975, 23.2932296]"
广东省,2010,荔湾,,2,广东省荔湾,"[115.6427975, 23.2932296]"
广东省,2010,江门,,6,广东省江门,"[113.079047, 22.5766294]"
广东省,2010,江门市,台山市,212,广东省江门市台山市,"[112.7884998, 22.2541202]"
广东省,2010,江门市,市辖区,4,广东省江门市市辖区,"[112.7884998, 22.2541202]"
广东省,2010,江门市,开平市,133,广东省江门市开平市,"[112.688154, 22.3699417]"
广东省,2010,江门市,恩平市,3,广东省江门市恩平市,"[112.231933697, 22.2035524]"
广东省,2010,江门市,新会区,2,广东省江门市新会区,"[112.231933697, 22.2035524]"
广东省,2010,江门市,蓬江区,6,广东省江门市蓬江区,"[112.231933697, 22.2035524]"
广东省,2011,江门市,台山市,3085,广东省江门市台山市,"[112.7884998, 22.2541202]"
广东省,2011,江门市,市辖区,13,广东省江门市市辖区,"[112.7884998, 22.2541202]"
广东省,2011,江门市,开平市,3696,广东省江门市开平市,"[112.688154, 22.3699417]"
广东省,2011,江门市,恩平市,12,广东省江门市恩平市,"[112.231933697, 22.2035524]"
广东省,2011,江门市,新会区,13,广东省江门市新会区,"[112.231933697, 22.2035524]"
广东省,2011,江门市,江海区,4,广东省江门市江海区,"[113.1584562, 22.585632]"
广东省,2011,江门市,蓬江区,25,广东省江门市蓬江区,"[113.1584562, 22.585632]"
广东省,2011,江门市,鹤山市,6,广东省江门市鹤山市,"[112.800109, 22.663757]"
广东省,2012,江门市,台山市,4251,广东省江门市台山市,"[112.7884998, 22.2541202]"
广东省,2012,江门市,市辖区,49,广东省江门市市辖区,"[112.7884998, 22.2541202]"
广东省,2012,江门市,开平市,4588,广东省江门市开平市,"[112.688154, 22.3699417]"
广东省,2012,江门市,恩平市,411,广东省江门市恩平市,"[112.231933697, 22.2035524]"
广东省,2012,江门市,新会区,139,广东省江门市新会区,"[112.231933697, 22.2035524]"
广东省,2012,江门市,江海区,9,广东省江门市江海区,"[113.1584562, 22.585632]"
广东省,2012,江门市,蓬江区,104,广东省江门市蓬江区,"[113.1584562, 22.585632]"
广东省,2012,江门市,鹤山市,706,广东省江门市鹤山市,"[112.800109, 22.663757]"
广东省,2013,江门市,台山市,3485,广东省江门市台山市,"[112.7884998, 22.2541202]"
广东省,2013,江门市,市辖区,546,广东省江门市市辖区,"[112.7884998, 22.2541202]"
广东省,2013,江门市,开平市,3596,广东省江门市开平市,"[112.688154, 22.3699417]"
广东省,2013,江门市,恩平市,1886,广东省江门市恩平市,"[112.231933697, 22.2035524]"
广东省,2013,江门市,新会区,2565,广东省江门市新会区,"[112.231933697, 22.2035524]"
广东省,2013,江门市,江海区,96,广东省江门市江海区,"[113.1584562, 22.585632]"
广东省,2013,江门市,蓬江区,702,广东省江门市蓬江区,"[113.1584562, 22.585632]"
广东省,2013,江门市,鹤山市,1561,广东省江门市鹤山市,"[112.800109, 22.663757]"
广东省,2014,江门市,台山市,2841,广东省江门市台山市,"[112.7884998, 22.2541202]"
广东省,2014,江门市,市辖区,503,广东省江门市市辖区,"[112.7884998, 22.2541202]"
广东省,2014,江门市,开平市,2740,广东省江门市开平市,"[112.688154, 22.3699417]"
广东省,2014,江门市,恩平市,1154,广东省江门市恩平市,"[112.231933697, 22.2035524]"
广东省,2014,江门市,新会区,2357,广东省江门市新会区,"[112.231933697, 22.2035524]"
广东省,2014,江门市,江海区,33,广东省江门市江海区,"[113.1584562, 22.585632]"
广东省,2014,江门市,蓬江区,1331,广东省江门市蓬江区,"[113.1584562, 22.585632]"
广东省,2014,江门市,鹤山市,1437,广东省江门市鹤山市,"[112.800109, 22.663757]"
广东省,2015,江门市,,1,广东省江门市,"[113.079047, 22.5766294]"
广东省,2015,江门市,台山市,2201,广东省江门市台山市,"[112.7884998, 22.2541202]"
广东省,2015,江门市,市辖区,377,广东省江门市市辖区,"[112.7884998, 22.2541202]"
广东省,2015,江门市,开平市,2578,广东省江门市开平市,"[112.688154, 22.3699417]"
广东省,2015,江门市,恩平市,956,广东省江门市恩平市,"[112.231933697, 22.2035524]"
广东省,2015,江门市,新会区,2426,广东省江门市新会区,"[112.231933697, 22.2035524]"
广东省,2015,江门市,江海区,87,广东省江门市江海区,"[113.1584562, 22.585632]"
广东省,2015,江门市,蓬江区,1217,广东省江门市蓬江区,"[113.1584562, 22.585632]"
广东省,2015,江门市,鹤山市,1340,广东省江门市鹤山市,"[112.800109, 22.663757]"
广东省,2016,江门市,台山市,1116,广东省江门市台山市,"[112.7884998, 22.2541202]"
广东省,2016,江门市,市辖区,320,广东省江门市市辖区,"[112.7884998, 22.2541202]"
广东省,2016,江门市,开平市,1890,广东省江门市开平市,"[112.7884998, 22.2541202]"
广东省,2016,江门市,恩平市,749,广东省江门市恩平市,"[112.231933697, 22.2035524]"
广东省,2016,江门市,新会区,2300,广东省江门市新会区,"[112.231933697, 22.2035524]"
广东省,2016,江门市,江海区,78,广东省江门市江海区,"[113.1584562, 22.585632]"
广东省,2016,江门市,蓬江区,1176,广东省江门市蓬江区,"[113.1584562, 22.585632]"
广东省,2016,江门市,鹤山市,1064,广东省江门市鹤山市,"[112.800109, 22.663757]"
广东省,2010,天河,,19,广东省天河,"[113.7934363, 23.2606986]"
广东省,2010,清新,,1,广东省清新,"[112.8486756, 23.8887571]"
广东省,2010,平远,,1,广东省平远,"[115.910067, 24.660628]"
广东省,2010,逐溪,,1,广东省逐溪,"[113.2996652, 23.1952051]"
广东省,2010,罗定,,1,广东省罗定,"[111.490882194, 22.69328565]"
广东省,2010,深圳,,8,广东省深圳,"[114.0545327, 22.5442673]"
广东省,2010,深圳市,南山区,2,广东省深圳市南山区,"[114.1883524, 22.4984626]"
广东省,2010,深圳市,宝安区,2,广东省深圳市宝安区,"[113.8755227, 22.5577442]"
广东省,2010,深圳市,市辖区,2,广东省深圳市市辖区,"[113.8755227, 22.5577442]"
广东省,2010,深圳市,盐田区,1,广东省深圳市盐田区,"[113.8755227, 22.5577442]"
广东省,2010,深圳市,福田区,1,广东省深圳市福田区,"[114.047813, 22.54258]"
广东省,2010,深圳市,罗湖区,2,广东省深圳市罗湖区,"[114.11326637, 22.5289752]"
广东省,2010,深圳市,龙华新区,1,广东省深圳市龙华新区,"[114.11326637, 22.5289752]"
广东省,2010,深圳市,龙岗区,2,广东省深圳市龙岗区,"[114.11326637, 22.5289752]"
广东省,2010,深圳罗湖,,1,广东省深圳罗湖,"[114.11326637, 22.5289752]"
广东省,2011,深圳市,光明新区,1,广东省深圳市光明新区,"[114.11326637, 22.5289752]"
广东省,2011,深圳市,南山区,8,广东省深圳市南山区,"[114.1883524, 22.4984626]"
广东省,2011,深圳市,南雄市,1,广东省深圳市南雄市,"[114.1883524, 22.4984626]"
广东省,2011,深圳市,台山市,1,广东省深圳市台山市,"[114.1883524, 22.4984626]"
广东省,2011,深圳市,坪山新区,1,广东省深圳市坪山新区,"[114.1883524, 22.4984626]"
广东省,2011,深圳市,宝安区,12,广东省深圳市宝安区,"[113.8755227, 22.5577442]"
广东省,2011,深圳市,市辖区,17,广东省深圳市市辖区,"[113.8755227, 22.5577442]"
广东省,2011,深圳市,盐田区,2,广东省深圳市盐田区,"[113.8755227, 22.5577442]"
广东省,2011,深圳市,福田区,7,广东省深圳市福田区,"[114.047813, 22.54258]"
广东省,2011,深圳市,罗湖区,12,广东省深圳市罗湖区,"[114.11326637, 22.5289752]"
广东省,2011,深圳市,龙岗区,8,广东省深圳市龙岗区,"[114.11326637, 22.5289752]"
广东省,2012,深圳市,光明新区,10,广东省深圳市光明新区,"[114.11326637, 22.5289752]"
广东省,2012,深圳市,南山区,14,广东省深圳市南山区,"[114.1883524, 22.4984626]"
广东省,2012,深圳市,坪山新区,4,广东省深圳市坪山新区,"[114.1883524, 22.4984626]"
广东省,2012,深圳市,大鹏新区,2,广东省深圳市大鹏新区,"[114.1883524, 22.4984626]"
广东省,2012,深圳市,宝安区,89,广东省深圳市宝安区,"[113.8755227, 22.5577442]"
广东省,2012,深圳市,市辖区,47,广东省深圳市市辖区,"[113.8755227, 22.5577442]"
广东省,2012,深圳市,盐田区,2,广东省深圳市盐田区,"[113.8755227, 22.5577442]"
广东省,2012,深圳市,盐田区光明新区,1,广东省深圳市盐田区光明新区,"[113.8755227, 22.5577442]"
广东省,2012,深圳市,福田区,17,广东省深圳市福田区,"[114.047813, 22.54258]"
广东省,2012,深圳市,罗湖区,43,广东省深圳市罗湖区,"[114.11326637, 22.5289752]"
广东省,2012,深圳市,龙华新区,17,广东省深圳市龙华新区,"[114.11326637, 22.5289752]"
广东省,2012,深圳市,龙岗区,50,广东省深圳市龙岗区,"[114.11326637, 22.5289752]"
广东省,2013,深圳,,1,广东省深圳,"[114.0545327, 22.5442673]"
广东省,2013,深圳市,光明新区,40,广东省深圳市光明新区,"[114.0545327, 22.5442673]"
广东省,2013,深圳市,南山区,162,广东省深圳市南山区,"[114.1883524, 22.4984626]"
广东省,2013,深圳市,坪山新区,31,广东省深圳市坪山新区,"[114.1883524, 22.4984626]"
广东省,2013,深圳市,大鹏新区,8,广东省深圳市大鹏新区,"[114.1883524, 22.4984626]"
广东省,2013,深圳市,宝安区,481,广东省深圳市宝安区,"[113.8755227, 22.5577442]"
广东省,2013,深圳市,市辖区,197,广东省深圳市市辖区,"[113.8755227, 22.5577442]"
广东省,2013,深圳市,盐田区,25,广东省深圳市盐田区,"[113.8755227, 22.5577442]"
广东省,2013,深圳市,福田区,242,广东省深圳市福田区,"[114.047813, 22.54258]"
广东省,2013,深圳市,罗湖区,227,广东省深圳市罗湖区,"[114.11326637, 22.5289752]"
广东省,2013,深圳市,龙华新区,137,广东省深圳市龙华新区,"[114.11326637, 22.5289752]"
广东省,2013,深圳市,龙岗区,341,广东省深圳市龙岗区,"[114.11326637, 22.5289752]"
广东省,2014,深圳市,,1,广东省深圳市,"[114.0545327, 22.5442673]"
广东省,2014,深圳市,光明新区,148,广东省深圳市光明新区,"[114.0545327, 22.5442673]"
广东省,2014,深圳市,南山区,1423,广东省深圳市南山区,"[114.1883524, 22.4984626]"
广东省,2014,深圳市,坪山新区,86,广东省深圳市坪山新区,"[114.1883524, 22.4984626]"
广东省,2014,深圳市,大鹏新区,43,广东省深圳市大鹏新区,"[114.1883524, 22.4984626]"
广东省,2014,深圳市,宝安区,1408,广东省深圳市宝安区,"[113.8755227, 22.5577442]"
广东省,2014,深圳市,市辖区,491,广东省深圳市市辖区,"[113.8755227, 22.5577442]"
广东省,2014,深圳市,盐田区,133,广东省深圳市盐田区,"[113.8755227, 22.5577442]"
广东省,2014,深圳市,福田区,2738,广东省深圳市福田区,"[114.047813, 22.54258]"
广东省,2014,深圳市,罗湖区,1493,广东省深圳市罗湖区,"[114.11326637, 22.5289752]"
广东省,2014,深圳市,龙华新区,718,广东省深圳市龙华新区,"[114.11326637, 22.5289752]"
广东省,2014,深圳市,龙岗区,1621,广东省深圳市龙岗区,"[114.11326637, 22.5289752]"
广东省,2015,深圳市,,3,广东省深圳市,"[114.0545327, 22.5442673]"
广东省,2015,深圳市,光明新区,163,广东省深圳市光明新区,"[114.0545327, 22.5442673]"
广东省,2015,深圳市,南山区,1327,广东省深圳市南山区,"[114.1883524, 22.4984626]"
广东省,2015,深圳市,坪山新区,104,广东省深圳市坪山新区,"[114.1883524, 22.4984626]"
广东省,2015,深圳市,大鹏新区,31,广东省深圳市大鹏新区,"[114.1883524, 22.4984626]"
广东省,2015,深圳市,宝安区,1182,广东省深圳市宝安区,"[113.8755227, 22.5577442]"
广东省,2015,深圳市,市辖区,552,广东省深圳市市辖区,"[113.8755227, 22.5577442]"
广东省,2015,深圳市,盐田区,129,广东省深圳市盐田区,"[113.8755227, 22.5577442]"
广东省,2015,深圳市,福田区,2807,广东省深圳市福田区,"[114.047813, 22.54258]"
广东省,2015,深圳市,罗湖区,1289,广东省深圳市罗湖区,"[114.11326637, 22.5289752]"
广东省,2015,深圳市,龙华新区,546,广东省深圳市龙华新区,"[114.11326637, 22.5289752]"
广东省,2015,深圳市,龙岗区,1332,广东省深圳市龙岗区,"[114.11326637, 22.5289752]"
广东省,2016,深圳市,光明新区,237,广东省深圳市光明新区,"[114.11326637, 22.5289752]"
广东省,2016,深圳市,南山区,1595,广东省深圳市南山区,"[114.1883524, 22.4984626]"
广东省,2016,深圳市,坪山新区,112,广东省深圳市坪山新区,"[114.1883524, 22.4984626]"
广东省,2016,深圳市,大鹏新区,28,广东省深圳市大鹏新区,"[114.1883524, 22.4984626]"
广东省,2016,深圳市,宝安区,2390,广东省深圳市宝安区,"[113.8755227, 22.5577442]"
广东省,2016,深圳市,市辖区,758,广东省深圳市市辖区,"[113.8755227, 22.5577442]"
广东省,2016,深圳市,盐田区,133,广东省深圳市盐田区,"[113.8755227, 22.5577442]"
广东省,2016,深圳市,福田区,3629,广东省深圳市福田区,"[114.047813, 22.54258]"
广东省,2016,深圳市,罗湖区,1776,广东省深圳市罗湖区,"[114.11326637, 22.5289752]"
广东省,2016,深圳市,龙华区,14,广东省深圳市龙华区,"[114.0165486, 22.6557481]"
广东省,2016,深圳市,龙华新区,694,广东省深圳市龙华新区,"[114.0165486, 22.6557481]"
广东省,2016,深圳市,龙岗区,1952,广东省深圳市龙岗区,"[114.0165486, 22.6557481]"
广东省,2010,徐闻,,2,广东省徐闻,"[110.307038276, 20.4505951]"
广东省,2010,韶关,,15,广东省韶关,"[113.5923564, 24.8134099]"
广东省,2010,韶关市,,2,广东省韶关市,"[113.5923564, 24.8134099]"
广东省,2010,韶关市,乐昌市,9,广东省韶关市乐昌市,"[113.3470997, 25.1313491]"
广东省,2010,韶关市,乳源瑶族自治县,2,广东省韶关市乳源瑶族自治县,"[113.3470997, 25.1313491]"
广东省,2010,韶关市,南雄市,625,广东省韶关市南雄市,"[114.3064615, 25.1192792]"
广东省,2010,韶关市,始兴县,4,广东省韶关市始兴县,"[114.0706418, 24.9689603]"
广东省,2010,韶关市,市辖区,1,广东省韶关市市辖区,"[114.0706418, 24.9689603]"
广东省,2010,韶关市,新丰县,7,广东省韶关市新丰县,"[114.0706418, 24.9689603]"
广东省,2010,韶关市,曲江区,5,广东省韶关市曲江区,"[114.0706418, 24.9689603]"
广东省,2010,韶关市,武江区,3,广东省韶关市武江区,"[113.5387095, 24.8517253]"
广东省,2010,韶关市,浈江区,1,广东省韶关市浈江区,"[113.6409387, 24.8506982]"
广东省,2010,韶关市,翁源县,5,广东省韶关市翁源县,"[113.6409387, 24.8506982]"
广东省,2011,韶关市,乳源瑶族自治县,1,广东省韶关市乳源瑶族自治县,"[113.6409387, 24.8506982]"
广东省,2011,韶关市,仁化县,3,广东省韶关市仁化县,"[113.744455, 25.091253]"
广东省,2011,韶关市,南雄市,1838,广东省韶关市南雄市,"[114.3064615, 25.1192792]"
广东省,2011,韶关市,始兴县,4,广东省韶关市始兴县,"[114.0706418, 24.9689603]"
广东省,2011,韶关市,市辖区,11,广东省韶关市市辖区,"[114.0706418, 24.9689603]"
广东省,2011,韶关市,曲江区,2,广东省韶关市曲江区,"[114.0706418, 24.9689603]"
广东省,2011,韶关市,武江区,5,广东省韶关市武江区,"[113.5387095, 24.8517253]"
广东省,2011,韶关市,浈江区,7,广东省韶关市浈江区,"[113.6409387, 24.8506982]"
广东省,2011,韶关市,翁源县,2,广东省韶关市翁源县,"[113.6409387, 24.8506982]"
广东省,2012,韶关市,乐昌市,147,广东省韶关市乐昌市,"[113.6409387, 24.8506982]"
广东省,2012,韶关市,乳源瑶族自治县,10,广东省韶关市乳源瑶族自治县,"[113.6409387, 24.8506982]"
广东省,2012,韶关市,仁化县,158,广东省韶关市仁化县,"[113.6409387, 24.8506982]"
广东省,2012,韶关市,南雄市,3527,广东省韶关市南雄市,"[113.6409387, 24.8506982]"
广东省,2012,韶关市,始兴县,10,广东省韶关市始兴县,"[114.0706418, 24.9689603]"
广东省,2012,韶关市,市辖区,65,广东省韶关市市辖区,"[114.0706418, 24.9689603]"
广东省,2012,韶关市,新丰县,5,广东省韶关市新丰县,"[114.0706418, 24.9689603]"
广东省,2012,韶关市,曲江区,52,广东省韶关市曲江区,"[114.0706418, 24.9689603]"
广东省,2012,韶关市,武江区,137,广东省韶关市武江区,"[114.0706418, 24.9689603]"
广东省,2012,韶关市,浈江区,46,广东省韶关市浈江区,"[113.6409387, 24.8506982]"
广东省,2012,韶关市,翁源县,25,广东省韶关市翁源县,"[113.6409387, 24.8506982]"
广东省,2013,韶关市,,1,广东省韶关市,"[113.5923564, 24.8134099]"
广东省,2013,韶关市,乐昌市,1563,广东省韶关市乐昌市,"[113.3470997, 25.1313491]"
广东省,2013,韶关市,乳源瑶族自治县,529,广东省韶关市乳源瑶族自治县,"[113.3470997, 25.1313491]"
广东省,2013,韶关市,仁化县,623,广东省韶关市仁化县,"[113.744455, 25.091253]"
广东省,2013,韶关市,南雄市,2829,广东省韶关市南雄市,"[114.3064615, 25.1192792]"
广东省,2013,韶关市,始兴县,928,广东省韶关市始兴县,"[114.0706418, 24.9689603]"
广东省,2013,韶关市,市辖区,542,广东省韶关市市辖区,"[114.0706418, 24.9689603]"
广东省,2013,韶关市,新丰县,55,广东省韶关市新丰县,"[114.0706418, 24.9689603]"
广东省,2013,韶关市,曲江区,678,广东省韶关市曲江区,"[114.0706418, 24.9689603]"
广东省,2013,韶关市,武江区,649,广东省韶关市武江区,"[113.5387095, 24.8517253]"
广东省,2013,韶关市,浈江区,397,广东省韶关市浈江区,"[113.6409387, 24.8506982]"
广东省,2013,韶关市,翁源县,773,广东省韶关市翁源县,"[113.6409387, 24.8506982]"
广东省,2014,韶关市,乐昌市,896,广东省韶关市乐昌市,"[113.3470997, 25.1313491]"
广东省,2014,韶关市,乳源瑶族自治县,430,广东省韶关市乳源瑶族自治县,"[113.3470997, 25.1313491]"
广东省,2014,韶关市,仁化县,479,广东省韶关市仁化县,"[113.744455, 25.091253]"
广东省,2014,韶关市,南雄市,1802,广东省韶关市南雄市,"[114.3064615, 25.1192792]"
广东省,2014,韶关市,始兴县,311,广东省韶关市始兴县,"[114.0706418, 24.9689603]"
广东省,2014,韶关市,市辖区,388,广东省韶关市市辖区,"[114.0706418, 24.9689603]"
广东省,2014,韶关市,新丰县,138,广东省韶关市新丰县,"[114.0706418, 24.9689603]"
广东省,2014,韶关市,曲江区,684,广东省韶关市曲江区,"[114.0706418, 24.9689603]"
广东省,2014,韶关市,武江区,290,广东省韶关市武江区,"[113.5387095, 24.8517253]"
广东省,2014,韶关市,浈江区,214,广东省韶关市浈江区,"[113.6409387, 24.8506982]"
广东省,2014,韶关市,翁源县,333,广东省韶关市翁源县,"[113.6409387, 24.8506982]"
广东省,2015,韶关市,乐昌市,774,广东省韶关市乐昌市,"[113.3470997, 25.1313491]"
广东省,2015,韶关市,乳源瑶族自治县,620,广东省韶关市乳源瑶族自治县,"[113.3470997, 25.1313491]"
广东省,2015,韶关市,仁化县,371,广东省韶关市仁化县,"[113.744455, 25.091253]"
广东省,2015,韶关市,南雄市,1387,广东省韶关市南雄市,"[114.3064615, 25.1192792]"
广东省,2015,韶关市,始兴县,243,广东省韶关市始兴县,"[114.0706418, 24.9689603]"
广东省,2015,韶关市,市辖区,327,广东省韶关市市辖区,"[114.0706418, 24.9689603]"
广东省,2015,韶关市,新丰县,134,广东省韶关市新丰县,"[114.0706418, 24.9689603]"
广东省,2015,韶关市,曲江区,433,广东省韶关市曲江区,"[114.0706418, 24.9689603]"
广东省,2015,韶关市,武江区,218,广东省韶关市武江区,"[113.5387095, 24.8517253]"
广东省,2015,韶关市,浈江区,176,广东省韶关市浈江区,"[113.6409387, 24.8506982]"
广东省,2015,韶关市,翁源县,453,广东省韶关市翁源县,"[113.6409387, 24.8506982]"
广东省,2016,韶关市,,1,广东省韶关市,"[113.5923564, 24.8134099]"
广东省,2016,韶关市,乐昌市,390,广东省韶关市乐昌市,"[113.3470997, 25.1313491]"
广东省,2016,韶关市,乳源瑶族自治县,488,广东省韶关市乳源瑶族自治县,"[113.3470997, 25.1313491]"
广东省,2016,韶关市,仁化县,267,广东省韶关市仁化县,"[113.744455, 25.091253]"
广东省,2016,韶关市,南雄市,1276,广东省韶关市南雄市,"[114.3064615, 25.1192792]"
广东省,2016,韶关市,始兴县,196,广东省韶关市始兴县,"[114.0706418, 24.9689603]"
广东省,2016,韶关市,市辖区,307,广东省韶关市市辖区,"[114.0706418, 24.9689603]"
广东省,2016,韶关市,新丰县,105,广东省韶关市新丰县,"[114.0706418, 24.9689603]"
广东省,2016,韶关市,曲江区,473,广东省韶关市曲江区,"[114.0706418, 24.9689603]"
广东省,2016,韶关市,武江区,269,广东省韶关市武江区,"[113.5387095, 24.8517253]"
广东省,2016,韶关市,浈江区,151,广东省韶关市浈江区,"[113.6409387, 24.8506982]"
广东省,2016,韶关市,翁源县,388,广东省韶关市翁源县,"[113.6409387, 24.8506982]"
广东省,2010,龙岩市,武平县,1,广东省龙岩市武平县,"[113.6409387, 24.8506982]"
广东省,2010,吴川,,1,广东省吴川,"[110.690706527, 21.445432]"
广东省,2010,黄埔,,129,广东省黄埔,"[113.2218329, 22.4084061]"
广东省,2010,黄埔区,,18,广东省黄埔区,"[113.48779032, 23.2228231]"
广东省,2010,黄埔街,,1,广东省黄埔街,"[113.48779032, 23.2228231]"
广东省,2010,萝岗,,1,广东省萝岗,"[113.2865131, 23.1370675]"
